location.,region.,country.,timezone id.,localtime.,year.,month.,day.,hour.,minute.,is day or night.,condition.,temperature (f).,humidity (%).,feelslike (f).,precipitation (in).,wind speed (mph).,wind pressure (in).,gust (mph).,wind direction.
Kuala Lumpur,Kuala Lumpur,Malaysia,Asia/Kuala_Lumpur,2024-10-21 12:00:00.000,2024,10,21,12,0,Day,Partly cloudy,89.6,63,96.5,0,4.7,29.91,5.4,W
Kuala Lumpur,Kuala Lumpur,Malaysia,Asia/Kuala_Lumpur,2024-10-21 12:46:00.000,2024,10,21,12,46,Day,Partly cloudy,91.6,59,100.7,0,4.7,29.88,5.4,W
Kuala Lumpur,Kuala Lumpur,Malaysia,Asia/Kuala_Lumpur,2024-10-21 13:00:00.000,2024,10,21,13,0,Day,Partly cloudy,91.9,59,99.9,0,4.9,29.88,5.7,W
Kuala Lumpur,Kuala Lumpur,Malaysia,Asia/Kuala_Lumpur,2024-10-21 13:20:00.000,2024,10,21,13,20,Day,Partly cloudy,93.6,53,103.4,0,4.9,29.85,5.7,W
Kuala Lumpur,Kuala Lumpur,Malaysia,Asia/Kuala_Lumpur,2024-10-21 13:39:00.000,2024,10,21,13,39,Day,Partly cloudy,93.7,53,103.9,0,4.9,29.85,5.7,W
Kuala Lumpur,Kuala Lumpur,Malaysia,Asia/Kuala_Lumpur,2024-10-21 13:59:00.000,2024,10,21,13,59,Day,Partly cloudy,93.2,53,102.6,0,4.9,29.85,5.7,W
Kuala Lumpur,Kuala Lumpur,Malaysia,Asia/Kuala_Lumpur,2024-10-21 14:19:00.000,2024,10,21,14,19,Day,Partly cloudy,92.1,63,99.2,0,5.8,29.8,6.7,W
Kuala Lumpur,Kuala Lumpur,Malaysia,Asia/Kuala_Lumpur,2024-10-21 14:40:00.000,2024,10,21,14,40,Day,Partly cloudy,91.8,63,98.5,0,5.8,29.8,6.7,W
Kuala Lumpur,Kuala Lumpur,Malaysia,Asia/Kuala_Lumpur,2024-10-21 15:00:00.000,2024,10,21,15,0,Day,Partly cloudy,95.7,50,106.3,0,6.7,29.8,7.7,W
Kuala Lumpur,Kuala Lumpur,Malaysia,Asia/Kuala_Lumpur,2024-10-21 15:20:00.000,2024,10,21,15,20,Day,Partly cloudy,95.4,50,105.4,0,6.7,29.77,7.7,W
Kuala Lumpur,Kuala Lumpur,Malaysia,Asia/Kuala_Lumpur,2024-10-21 15:40:00.000,2024,10,21,15,40,Day,Partly cloudy,95.2,50,105,0,6.7,29.77,7.7,W
Kuala Lumpur,Kuala Lumpur,Malaysia,Asia/Kuala_Lumpur,2024-10-21 15:59:00.000,2024,10,21,15,59,Day,Partly cloudy,95.5,50,105.9,0,6.7,29.77,7.7,W
Kuala Lumpur,Kuala Lumpur,Malaysia,Asia/Kuala_Lumpur,2024-10-21 16:20:00.000,2024,10,21,16,20,Day,Partly cloudy,91.9,67,99.2,0,7.4,29.74,8.5,WSW
Kuala Lumpur,Kuala Lumpur,Malaysia,Asia/Kuala_Lumpur,2024-10-21 16:40:00.000,2024,10,21,16,40,Day,Partly cloudy,91.4,67,98.1,0,7.4,29.74,8.5,WSW
Kuala Lumpur,Kuala Lumpur,Malaysia,Asia/Kuala_Lumpur,2024-10-21 17:00:00.000,2024,10,21,17,0,Day,Partly cloudy,93.6,56,102.6,0,7.4,29.74,8.5,WSW
Kuala Lumpur,Kuala Lumpur,Malaysia,Asia/Kuala_Lumpur,2024-10-21 17:19:00.000,2024,10,21,17,19,Day,Partly cloudy,91.9,59,102,0,7.8,29.74,9,WSW
Kuala Lumpur,Kuala Lumpur,Malaysia,Asia/Kuala_Lumpur,2024-10-21 17:40:00.000,2024,10,21,17,40,Day,Partly cloudy,91.8,59,101.6,0,7.8,29.74,9,WSW
Kuala Lumpur,Kuala Lumpur,Malaysia,Asia/Kuala_Lumpur,2024-10-21 18:00:00.000,2024,10,21,18,0,Day,Partly cloudy,91.6,59,101.2,0,7.8,29.74,9,WSW
Kuala Lumpur,Kuala Lumpur,Malaysia,Asia/Kuala_Lumpur,2024-10-21 18:19:00.000,2024,10,21,18,19,Day,Patchy rain nearby,85.7,68,93.5,0,6.7,29.78,8.2,W
Kuala Lumpur,Kuala Lumpur,Malaysia,Asia/Kuala_Lumpur,2024-10-21 18:40:00.000,2024,10,21,18,40,Day,Patchy rain nearby,85.7,68,93.5,0,6.7,29.78,8.2,W
Kuala Lumpur,Kuala Lumpur,Malaysia,Asia/Kuala_Lumpur,2024-10-21 18:59:00.000,2024,10,21,18,59,Night,Patchy rain nearby,85.2,69,92.9,0,7.4,29.78,9.1,W
Kuala Lumpur,Kuala Lumpur,Malaysia,Asia/Kuala_Lumpur,2024-10-21 19:19:00.000,2024,10,21,19,19,Night,Patchy rain nearby,81.1,79,87.2,0.01,4.7,29.8,7.2,WNW
Kuala Lumpur,Kuala Lumpur,Malaysia,Asia/Kuala_Lumpur,2024-10-21 19:39:00.000,2024,10,21,19,39,Night,Patchy rain nearby,81.1,79,87.2,0.01,4.7,29.8,7.2,WNW
Kuala Lumpur,Kuala Lumpur,Malaysia,Asia/Kuala_Lumpur,2024-10-21 20:00:00.000,2024,10,21,20,0,Night,Partly cloudy,82.8,84,90.6,0.01,4.7,29.77,7.2,WNW
Kuala Lumpur,Kuala Lumpur,Malaysia,Asia/Kuala_Lumpur,2024-10-21 20:20:00.000,2024,10,21,20,20,Night,Partly cloudy,83.1,84,91.9,0,3.1,29.8,4.9,NW
Kuala Lumpur,Kuala Lumpur,Malaysia,Asia/Kuala_Lumpur,2024-10-21 20:39:00.000,2024,10,21,20,39,Night,Partly cloudy,82.6,84,90.7,0,3.1,29.8,4.9,NW
Kuala Lumpur,Kuala Lumpur,Malaysia,Asia/Kuala_Lumpur,2024-10-21 20:59:00.000,2024,10,21,20,59,Night,Partly cloudy,81.1,89,87.7,0,3.1,29.8,4.9,NW
Kuala Lumpur,Kuala Lumpur,Malaysia,Asia/Kuala_Lumpur,2024-10-21 21:19:00.000,2024,10,21,21,19,Night,Partly cloudy,80.6,89,86.9,0.01,2.7,29.83,4.4,NNW
Kuala Lumpur,Kuala Lumpur,Malaysia,Asia/Kuala_Lumpur,2024-10-21 21:39:00.000,2024,10,21,21,39,Night,Partly cloudy,81,89,87.6,0.01,2.7,29.83,4.4,NNW
Kuala Lumpur,Kuala Lumpur,Malaysia,Asia/Kuala_Lumpur,2024-10-21 22:00:00.000,2024,10,21,22,0,Night,Partly cloudy,81.3,89,88.6,0,2.5,29.83,4.1,N
Kuala Lumpur,Kuala Lumpur,Malaysia,Asia/Kuala_Lumpur,2024-10-21 22:20:00.000,2024,10,21,22,20,Night,Partly cloudy,81,89,87.8,0,2.5,29.85,4.1,N
Kuala Lumpur,Kuala Lumpur,Malaysia,Asia/Kuala_Lumpur,2024-10-21 22:39:00.000,2024,10,21,22,39,Night,Partly cloudy,80.6,89,87.1,0,2.5,29.85,4.1,N
Kuala Lumpur,Kuala Lumpur,Malaysia,Asia/Kuala_Lumpur,2024-10-21 23:00:00.000,2024,10,21,23,0,Night,Partly cloudy,80.8,89,87.5,0,2.5,29.85,4.1,N
Kuala Lumpur,Kuala Lumpur,Malaysia,Asia/Kuala_Lumpur,2024-10-21 23:24:00.000,2024,10,21,23,24,Night,Partly cloudy,81.1,89,88.6,0,2.2,29.85,3.6,N
Kuala Lumpur,Kuala Lumpur,Malaysia,Asia/Kuala_Lumpur,2024-10-21 23:40:00.000,2024,10,21,23,40,Night,Partly cloudy,81,89,88.2,0,2.2,29.85,3.6,N
Kuala Lumpur,Kuala Lumpur,Malaysia,Asia/Kuala_Lumpur,2024-10-22 00:05:00.000,2024,10,22,0,5,Night,Partly Cloudy,76.4,88,80.9,0,2.2,29.87,4.1,N
Kuala Lumpur,Kuala Lumpur,Malaysia,Asia/Kuala_Lumpur,2024-10-22 00:25:00.000,2024,10,22,0,25,Night,Partly Cloudy,76.4,88,80.9,0,2.2,29.87,4.1,N
Kuala Lumpur,Kuala Lumpur,Malaysia,Asia/Kuala_Lumpur,2024-10-22 00:40:00.000,2024,10,22,0,40,Night,Partly Cloudy,76.4,88,80.9,0,2.2,29.87,4.1,N
Kuala Lumpur,Kuala Lumpur,Malaysia,Asia/Kuala_Lumpur,2024-10-22 01:19:00.000,2024,10,22,1,19,Night,Partly Cloudy,76.9,85,81.1,0,2.7,29.86,5.1,N
Kuala Lumpur,Kuala Lumpur,Malaysia,Asia/Kuala_Lumpur,2024-10-22 01:40:00.000,2024,10,22,1,40,Night,Partly Cloudy,76.9,85,81.1,0,2.7,29.86,5.1,N
Kuala Lumpur,Kuala Lumpur,Malaysia,Asia/Kuala_Lumpur,2024-10-22 01:59:00.000,2024,10,22,1,59,Night,Partly Cloudy,76.9,85,81.1,0,2.7,29.86,5.1,N
Kuala Lumpur,Kuala Lumpur,Malaysia,Asia/Kuala_Lumpur,2024-10-22 02:20:00.000,2024,10,22,2,20,Night,Partly Cloudy,76.5,86,80.7,0,2.9,29.84,5.4,N
Kuala Lumpur,Kuala Lumpur,Malaysia,Asia/Kuala_Lumpur,2024-10-22 02:40:00.000,2024,10,22,2,40,Night,Partly Cloudy,76.5,86,80.7,0,2.9,29.84,5.4,N
Kuala Lumpur,Kuala Lumpur,Malaysia,Asia/Kuala_Lumpur,2024-10-22 03:00:00.000,2024,10,22,3,0,Night,Partly Cloudy,76.1,87,80.3,0,2.7,29.83,4.9,N
Kuala Lumpur,Kuala Lumpur,Malaysia,Asia/Kuala_Lumpur,2024-10-22 03:20:00.000,2024,10,22,3,20,Night,Partly Cloudy,76.1,87,80.3,0,2.7,29.83,4.9,N
Kuala Lumpur,Kuala Lumpur,Malaysia,Asia/Kuala_Lumpur,2024-10-22 03:40:00.000,2024,10,22,3,40,Night,Partly Cloudy,76.1,87,80.3,0,2.7,29.83,4.9,N
Kuala Lumpur,Kuala Lumpur,Malaysia,Asia/Kuala_Lumpur,2024-10-22 03:59:00.000,2024,10,22,3,59,Night,Partly Cloudy,76.1,87,80.3,0,2.7,29.83,4.9,N
Kuala Lumpur,Kuala Lumpur,Malaysia,Asia/Kuala_Lumpur,2024-10-22 04:19:00.000,2024,10,22,4,19,Night,Patchy rain nearby,75.7,88,79.8,0,2.2,29.82,4,N
Kuala Lumpur,Kuala Lumpur,Malaysia,Asia/Kuala_Lumpur,2024-10-22 04:40:00.000,2024,10,22,4,40,Night,Partly cloudy,78.8,89,84.7,0,2.2,29.8,4,N
Kuala Lumpur,Kuala Lumpur,Malaysia,Asia/Kuala_Lumpur,2024-10-22 05:00:00.000,2024,10,22,5,0,Night,Partly Cloudy,75.6,89,79.8,0,2.2,29.83,3.9,N
Kuala Lumpur,Kuala Lumpur,Malaysia,Asia/Kuala_Lumpur,2024-10-22 05:19:00.000,2024,10,22,5,19,Night,Partly Cloudy,75.6,89,79.8,0,2.2,29.83,3.9,N
Kuala Lumpur,Kuala Lumpur,Malaysia,Asia/Kuala_Lumpur,2024-10-22 05:39:00.000,2024,10,22,5,39,Night,Partly Cloudy,75.6,89,79.8,0,2.2,29.83,3.9,N
Kuala Lumpur,Kuala Lumpur,Malaysia,Asia/Kuala_Lumpur,2024-10-22 05:59:00.000,2024,10,22,5,59,Night,Partly cloudy,79,89,85.2,0,2.2,29.8,3.9,N
Kuala Lumpur,Kuala Lumpur,Malaysia,Asia/Kuala_Lumpur,2024-10-22 06:19:00.000,2024,10,22,6,19,Night,Partly cloudy,77.5,94,82.7,0,2.5,29.8,4.4,NNE
Kuala Lumpur,Kuala Lumpur,Malaysia,Asia/Kuala_Lumpur,2024-10-22 06:39:00.000,2024,10,22,6,39,Night,Partly cloudy,77.4,94,82.4,0,2.5,29.8,4.4,NNE
Kuala Lumpur,Kuala Lumpur,Malaysia,Asia/Kuala_Lumpur,2024-10-22 06:59:00.000,2024,10,22,6,59,Day,Partly cloudy,77.5,94,82.7,0,2.5,29.83,4.4,NNE
Kuala Lumpur,Kuala Lumpur,Malaysia,Asia/Kuala_Lumpur,2024-10-22 07:19:00.000,2024,10,22,7,19,Day,Partly cloudy,77.7,94,83.1,0,2.2,29.83,3.4,NNE
Kuala Lumpur,Kuala Lumpur,Malaysia,Asia/Kuala_Lumpur,2024-10-22 07:40:00.000,2024,10,22,7,40,Day,Partly cloudy,77.2,94,82.2,0,2.2,29.83,3.4,NNE
Kuala Lumpur,Kuala Lumpur,Malaysia,Asia/Kuala_Lumpur,2024-10-22 07:59:00.000,2024,10,22,7,59,Day,Partly cloudy,77.2,94,82.2,0,2.2,29.83,3.4,NNE
Kuala Lumpur,Kuala Lumpur,Malaysia,Asia/Kuala_Lumpur,2024-10-22 08:20:00.000,2024,10,22,8,20,Day,Partly cloudy,81.1,89,88.8,0,2.2,29.85,2.5,NNE
Kuala Lumpur,Kuala Lumpur,Malaysia,Asia/Kuala_Lumpur,2024-10-22 08:40:00.000,2024,10,22,8,40,Day,Partly cloudy,81.1,89,88.8,0,2.2,29.85,2.5,NNE
Kuala Lumpur,Kuala Lumpur,Malaysia,Asia/Kuala_Lumpur,2024-10-22 09:20:00.000,2024,10,22,9,20,Day,Partly Cloudy,81.6,77,87.7,0,2.2,29.89,6.7,NNW
Kuala Lumpur,Kuala Lumpur,Malaysia,Asia/Kuala_Lumpur,2024-10-22 09:40:00.000,2024,10,22,9,40,Day,Partly cloudy,84.4,79,94.5,0,2.2,29.85,6.7,NNW
Kuala Lumpur,Kuala Lumpur,Malaysia,Asia/Kuala_Lumpur,2024-10-22 10:00:00.000,2024,10,22,10,0,Day,Partly Cloudy,81.6,77,87.7,0,2.2,29.89,6.7,NNW
Kuala Lumpur,Kuala Lumpur,Malaysia,Asia/Kuala_Lumpur,2024-10-22 10:25:00.000,2024,10,22,10,25,Day,Sunny,84.3,71,91.3,0,2.9,29.9,3.4,WNW
Kuala Lumpur,Kuala Lumpur,Malaysia,Asia/Kuala_Lumpur,2024-10-22 10:40:00.000,2024,10,22,10,40,Day,Partly cloudy,87.8,75,99.6,0,2.9,29.85,3.4,WNW
Kuala Lumpur,Kuala Lumpur,Malaysia,Asia/Kuala_Lumpur,2024-10-22 10:59:00.000,2024,10,22,10,59,Day,Sunny,84.3,71,91.3,0,2.9,29.9,3.4,WNW
Kuala Lumpur,Kuala Lumpur,Malaysia,Asia/Kuala_Lumpur,2024-10-22 11:20:00.000,2024,10,22,11,20,Day,Partly cloudy,90.1,67,102.6,0,4,29.85,4.6,W
Kuala Lumpur,Kuala Lumpur,Malaysia,Asia/Kuala_Lumpur,2024-10-22 11:40:00.000,2024,10,22,11,40,Day,Partly cloudy,89.8,67,101.6,0,4,29.85,4.6,W
Kuala Lumpur,Kuala Lumpur,Malaysia,Asia/Kuala_Lumpur,2024-10-22 12:00:00.000,2024,10,22,12,0,Day,Partly cloudy,90.1,67,102.6,0,4,29.85,4.6,W
Kuala Lumpur,Kuala Lumpur,Malaysia,Asia/Kuala_Lumpur,2024-10-22 12:19:00.000,2024,10,22,12,19,Day,Partly cloudy,91.6,63,102.9,0,4.9,29.83,5.7,W
Kuala Lumpur,Kuala Lumpur,Malaysia,Asia/Kuala_Lumpur,2024-10-22 12:40:00.000,2024,10,22,12,40,Day,Partly cloudy,91.4,63,102.5,0,4.9,29.83,5.7,W
Kuala Lumpur,Kuala Lumpur,Malaysia,Asia/Kuala_Lumpur,2024-10-22 13:00:00.000,2024,10,22,13,0,Day,Partly cloudy,91.8,63,103.4,0,4.9,29.83,5.7,W
Kuala Lumpur,Kuala Lumpur,Malaysia,Asia/Kuala_Lumpur,2024-10-22 13:19:00.000,2024,10,22,13,19,Day,Partly cloudy,93.7,60,105.2,0,5.8,29.8,6.7,W
Kuala Lumpur,Kuala Lumpur,Malaysia,Asia/Kuala_Lumpur,2024-10-22 13:40:00.000,2024,10,22,13,40,Day,Partly cloudy,93.6,60,104.7,0,5.8,29.8,6.7,W
Kuala Lumpur,Kuala Lumpur,Malaysia,Asia/Kuala_Lumpur,2024-10-22 14:00:00.000,2024,10,22,14,0,Day,Partly Cloudy,91.4,51,98.6,0,6.9,29.8,8,W
Kuala Lumpur,Kuala Lumpur,Malaysia,Asia/Kuala_Lumpur,2024-10-22 14:20:00.000,2024,10,22,14,20,Day,Partly cloudy,93.6,56,103.2,0,6.9,29.77,8,W
Kuala Lumpur,Kuala Lumpur,Malaysia,Asia/Kuala_Lumpur,2024-10-22 14:40:00.000,2024,10,22,14,40,Day,Partly cloudy,93.2,56,102.5,0,6.9,29.77,8,W
Kuala Lumpur,Kuala Lumpur,Malaysia,Asia/Kuala_Lumpur,2024-10-22 15:00:00.000,2024,10,22,15,0,Day,Partly Cloudy,91.4,51,98.6,0,6.9,29.8,8,W
Kuala Lumpur,Kuala Lumpur,Malaysia,Asia/Kuala_Lumpur,2024-10-22 15:19:00.000,2024,10,22,15,19,Day,Sunny,91.3,51,98.5,0,8.1,29.76,9.3,W
Kuala Lumpur,Kuala Lumpur,Malaysia,Asia/Kuala_Lumpur,2024-10-22 15:39:00.000,2024,10,22,15,39,Day,Sunny,91.3,51,98.5,0,8.1,29.76,9.3,W
Kuala Lumpur,Kuala Lumpur,Malaysia,Asia/Kuala_Lumpur,2024-10-22 16:00:00.000,2024,10,22,16,0,Day,Sunny,91.3,51,98.5,0,8.1,29.76,9.3,W
Kuala Lumpur,Kuala Lumpur,Malaysia,Asia/Kuala_Lumpur,2024-10-22 16:20:00.000,2024,10,22,16,20,Day,Partly cloudy,93.2,60,104.4,0,8.5,29.74,9.8,W
Kuala Lumpur,Kuala Lumpur,Malaysia,Asia/Kuala_Lumpur,2024-10-22 16:40:00.000,2024,10,22,16,40,Day,Partly cloudy,93.2,60,104.4,0,8.5,29.74,9.8,W
Kuala Lumpur,Kuala Lumpur,Malaysia,Asia/Kuala_Lumpur,2024-10-22 16:59:00.000,2024,10,22,16,59,Day,Partly cloudy,93.2,60,104.4,0,8.5,29.71,9.8,W
Kuala Lumpur,Kuala Lumpur,Malaysia,Asia/Kuala_Lumpur,2024-10-22 17:19:00.000,2024,10,22,17,19,Day,Sunny,87.9,61,95.6,0,8.5,29.75,9.8,W
Kuala Lumpur,Kuala Lumpur,Malaysia,Asia/Kuala_Lumpur,2024-10-22 17:40:00.000,2024,10,22,17,40,Day,Sunny,87.9,61,95.6,0,8.5,29.75,9.8,W
Kuala Lumpur,Kuala Lumpur,Malaysia,Asia/Kuala_Lumpur,2024-10-22 17:59:00.000,2024,10,22,17,59,Day,Sunny,87.9,61,95.6,0,8.5,29.75,9.8,W
Kuala Lumpur,Kuala Lumpur,Malaysia,Asia/Kuala_Lumpur,2024-10-22 18:20:00.000,2024,10,22,18,20,Day,Sunny,84.7,70,92.1,0,7.2,29.76,8.6,W
Kuala Lumpur,Kuala Lumpur,Malaysia,Asia/Kuala_Lumpur,2024-10-22 18:40:00.000,2024,10,22,18,40,Day,Sunny,84.7,70,92.1,0,7.2,29.76,8.6,W
Kuala Lumpur,Kuala Lumpur,Malaysia,Asia/Kuala_Lumpur,2024-10-22 18:59:00.000,2024,10,22,18,59,Night,Sunny,84.7,70,92.1,0,7.2,29.76,8.6,W
Kuala Lumpur,Kuala Lumpur,Malaysia,Asia/Kuala_Lumpur,2024-10-22 19:20:00.000,2024,10,22,19,20,Night,Patchy rain nearby,80.6,79,86.3,0,4.5,29.79,6.9,WNW
Kuala Lumpur,Kuala Lumpur,Malaysia,Asia/Kuala_Lumpur,2024-10-22 19:40:00.000,2024,10,22,19,40,Night,Patchy rain nearby,80.6,79,86.3,0,4.5,29.79,6.9,WNW
Kuala Lumpur,Kuala Lumpur,Malaysia,Asia/Kuala_Lumpur,2024-10-22 20:00:00.000,2024,10,22,20,0,Night,Clear,79.5,80,84.6,0,2.9,29.83,4.7,NW
Kuala Lumpur,Kuala Lumpur,Malaysia,Asia/Kuala_Lumpur,2024-10-22 20:20:00.000,2024,10,22,20,20,Night,Clear,79.5,80,84.6,0,2.9,29.83,4.7,NW
Kuala Lumpur,Kuala Lumpur,Malaysia,Asia/Kuala_Lumpur,2024-10-22 20:39:00.000,2024,10,22,20,39,Night,Clear,79.5,80,84.6,0,2.9,29.83,4.7,NW
Kuala Lumpur,Kuala Lumpur,Malaysia,Asia/Kuala_Lumpur,2024-10-22 21:00:00.000,2024,10,22,21,0,Night,Clear,79.1,81,84,0,2.5,29.85,4,NNW
Kuala Lumpur,Kuala Lumpur,Malaysia,Asia/Kuala_Lumpur,2024-10-22 21:20:00.000,2024,10,22,21,20,Night,Clear,79.1,81,84,0,2.5,29.85,4,NNW
Kuala Lumpur,Kuala Lumpur,Malaysia,Asia/Kuala_Lumpur,2024-10-22 21:39:00.000,2024,10,22,21,39,Night,Clear,79.1,81,84,0,2.5,29.85,4,NNW
Kuala Lumpur,Kuala Lumpur,Malaysia,Asia/Kuala_Lumpur,2024-10-22 22:00:00.000,2024,10,22,22,0,Night,Partly cloudy,82.6,84,90.8,0,2.5,29.83,4,NNW
Kuala Lumpur,Kuala Lumpur,Malaysia,Asia/Kuala_Lumpur,2024-10-22 22:20:00.000,2024,10,22,22,20,Night,Partly cloudy,82.4,84,90.7,0,2.7,29.85,4.4,NNW
Kuala Lumpur,Kuala Lumpur,Malaysia,Asia/Kuala_Lumpur,2024-10-22 22:39:00.000,2024,10,22,22,39,Night,Clear,78.9,82,83.8,0,2.7,29.86,4.4,NNW
Kuala Lumpur,Kuala Lumpur,Malaysia,Asia/Kuala_Lumpur,2024-10-22 22:59:00.000,2024,10,22,22,59,Night,Clear,78.9,82,83.8,0,2.7,29.86,4.4,NNW
Kuala Lumpur,Kuala Lumpur,Malaysia,Asia/Kuala_Lumpur,2024-10-22 23:19:00.000,2024,10,22,23,19,Night,Clear,78.5,83,83.3,0,2.2,29.87,3.3,N
Kuala Lumpur,Kuala Lumpur,Malaysia,Asia/Kuala_Lumpur,2024-10-22 23:39:00.000,2024,10,22,23,39,Night,Clear,78.5,83,83.3,0,2.2,29.87,3.3,N
Kuala Lumpur,Kuala Lumpur,Malaysia,Asia/Kuala_Lumpur,2024-10-22 23:59:00.000,2024,10,22,23,59,Night,Clear,78.5,83,83.3,0,2.2,29.87,3.3,N
Kuala Lumpur,Kuala Lumpur,Malaysia,Asia/Kuala_Lumpur,2024-10-23 00:19:00.000,2024,10,23,0,19,Night,Clear,77.6,85,82.2,0,2.2,29.87,3,NNW
Kuala Lumpur,Kuala Lumpur,Malaysia,Asia/Kuala_Lumpur,2024-10-23 00:40:00.000,2024,10,23,0,40,Night,Clear,77.6,85,82.2,0,2.2,29.87,3,NNW
Kuala Lumpur,Kuala Lumpur,Malaysia,Asia/Kuala_Lumpur,2024-10-23 00:59:00.000,2024,10,23,0,59,Night,Clear,77.7,84,82.3,0,2.7,29.86,4.5,N
Kuala Lumpur,Kuala Lumpur,Malaysia,Asia/Kuala_Lumpur,2024-10-23 01:19:00.000,2024,10,23,1,19,Night,Clear,77.7,84,82.3,0,2.7,29.86,4.5,N
Kuala Lumpur,Kuala Lumpur,Malaysia,Asia/Kuala_Lumpur,2024-10-23 01:40:00.000,2024,10,23,1,40,Night,Clear,77.7,84,82.3,0,2.7,29.86,4.5,N
Kuala Lumpur,Kuala Lumpur,Malaysia,Asia/Kuala_Lumpur,2024-10-23 01:59:00.000,2024,10,23,1,59,Night,Clear,77.7,84,82.3,0,2.7,29.86,4.5,N
Kuala Lumpur,Kuala Lumpur,Malaysia,Asia/Kuala_Lumpur,2024-10-23 02:20:00.000,2024,10,23,2,20,Night,Clear,77.4,85,82,0,2.5,29.85,4,N
Kuala Lumpur,Kuala Lumpur,Malaysia,Asia/Kuala_Lumpur,2024-10-23 02:39:00.000,2024,10,23,2,39,Night,Clear,77.4,85,82,0,2.5,29.85,4,N
Kuala Lumpur,Kuala Lumpur,Malaysia,Asia/Kuala_Lumpur,2024-10-23 02:59:00.000,2024,10,23,2,59,Night,Clear,77.4,85,82,0,2.5,29.85,4,N
Kuala Lumpur,Kuala Lumpur,Malaysia,Asia/Kuala_Lumpur,2024-10-23 03:20:00.000,2024,10,23,3,20,Night,Patchy rain nearby,77,86,81.4,0,2.7,29.83,4.4,NNW
Kuala Lumpur,Kuala Lumpur,Malaysia,Asia/Kuala_Lumpur,2024-10-23 03:40:00.000,2024,10,23,3,40,Night,Patchy rain nearby,77,86,81.4,0,2.7,29.83,4.4,NNW
Kuala Lumpur,Kuala Lumpur,Malaysia,Asia/Kuala_Lumpur,2024-10-23 03:59:00.000,2024,10,23,3,59,Night,Patchy rain nearby,77,86,81.4,0,2.7,29.83,4.4,NNW
Kuala Lumpur,Kuala Lumpur,Malaysia,Asia/Kuala_Lumpur,2024-10-23 04:19:00.000,2024,10,23,4,19,Night,Patchy rain nearby,76.4,88,80.8,0.01,2.5,29.83,4,NNW
Kuala Lumpur,Kuala Lumpur,Malaysia,Asia/Kuala_Lumpur,2024-10-23 04:39:00.000,2024,10,23,4,39,Night,Patchy rain nearby,76.4,88,80.8,0.01,2.5,29.83,4,NNW
Kuala Lumpur,Kuala Lumpur,Malaysia,Asia/Kuala_Lumpur,2024-10-23 04:59:00.000,2024,10,23,4,59,Night,Patchy rain nearby,76.4,88,80.8,0.01,2.5,29.83,4,NNW
Kuala Lumpur,Kuala Lumpur,Malaysia,Asia/Kuala_Lumpur,2024-10-23 05:20:00.000,2024,10,23,5,20,Night,Partly cloudy,79.2,94,85.7,0,2.9,29.8,5,NNW
Kuala Lumpur,Kuala Lumpur,Malaysia,Asia/Kuala_Lumpur,2024-10-23 05:40:00.000,2024,10,23,5,40,Night,Partly cloudy,79.2,94,85.7,0,2.9,29.8,5,NNW
Kuala Lumpur,Kuala Lumpur,Malaysia,Asia/Kuala_Lumpur,2024-10-23 05:59:00.000,2024,10,23,5,59,Night,Patchy rain nearby,75.6,89,79.8,0,2.9,29.83,5,NNW
Kuala Lumpur,Kuala Lumpur,Malaysia,Asia/Kuala_Lumpur,2024-10-23 06:20:00.000,2024,10,23,6,20,Night,Patchy rain nearby,75.2,91,79.4,0.01,2.2,29.84,3.1,NNW
Kuala Lumpur,Kuala Lumpur,Malaysia,Asia/Kuala_Lumpur,2024-10-23 06:39:00.000,2024,10,23,6,39,Night,Patchy rain nearby,75.2,91,79.4,0.01,2.2,29.84,3.1,NNW
Kuala Lumpur,Kuala Lumpur,Malaysia,Asia/Kuala_Lumpur,2024-10-23 06:59:00.000,2024,10,23,6,59,Day,Patchy rain nearby,75.2,91,79.4,0.01,2.2,29.84,3.1,NNW
Kuala Lumpur,Kuala Lumpur,Malaysia,Asia/Kuala_Lumpur,2024-10-23 07:19:00.000,2024,10,23,7,19,Day,Sunny,75.3,91,79.7,0,2.2,29.85,3.4,NNW
Kuala Lumpur,Kuala Lumpur,Malaysia,Asia/Kuala_Lumpur,2024-10-23 07:39:00.000,2024,10,23,7,39,Day,Sunny,75.3,91,79.7,0,2.2,29.85,3.4,NNW
Kuala Lumpur,Kuala Lumpur,Malaysia,Asia/Kuala_Lumpur,2024-10-23 07:59:00.000,2024,10,23,7,59,Day,Sunny,75.3,91,79.7,0,2.2,29.85,3.4,NNW
Kuala Lumpur,Kuala Lumpur,Malaysia,Asia/Kuala_Lumpur,2024-10-23 08:20:00.000,2024,10,23,8,20,Day,Partly cloudy,81,89,88.9,0,2.2,29.83,2.4,N
Kuala Lumpur,Kuala Lumpur,Malaysia,Asia/Kuala_Lumpur,2024-10-23 08:40:00.000,2024,10,23,8,40,Day,Partly cloudy,81,89,88.9,0,2.2,29.83,2.4,N
Kuala Lumpur,Kuala Lumpur,Malaysia,Asia/Kuala_Lumpur,2024-10-23 09:00:00.000,2024,10,23,9,0,Day,Sunny,80.8,78,86.6,0,2.2,29.89,2.6,NW
Kuala Lumpur,Kuala Lumpur,Malaysia,Asia/Kuala_Lumpur,2024-10-23 09:20:00.000,2024,10,23,9,20,Day,Sunny,80.8,78,86.6,0,2.2,29.89,2.6,NW
Kuala Lumpur,Kuala Lumpur,Malaysia,Asia/Kuala_Lumpur,2024-10-23 09:40:00.000,2024,10,23,9,40,Day,Sunny,80.8,78,86.6,0,2.2,29.89,2.6,NW
Kuala Lumpur,Kuala Lumpur,Malaysia,Asia/Kuala_Lumpur,2024-10-23 09:59:00.000,2024,10,23,9,59,Day,Partly cloudy,84.2,79,93.8,0,2.2,29.85,2.6,NW
Kuala Lumpur,Kuala Lumpur,Malaysia,Asia/Kuala_Lumpur,2024-10-23 10:19:00.000,2024,10,23,10,19,Day,Partly cloudy,86.4,70,94.8,0,4.3,29.85,4.9,WNW
Kuala Lumpur,Kuala Lumpur,Malaysia,Asia/Kuala_Lumpur,2024-10-23 10:39:00.000,2024,10,23,10,39,Day,Partly cloudy,86.4,70,94.8,0,4.3,29.85,4.9,WNW
Kuala Lumpur,Kuala Lumpur,Malaysia,Asia/Kuala_Lumpur,2024-10-23 11:00:00.000,2024,10,23,11,0,Day,Partly cloudy,86.5,70,92.1,0,5.6,29.85,6.4,WNW
Kuala Lumpur,Kuala Lumpur,Malaysia,Asia/Kuala_Lumpur,2024-10-23 11:19:00.000,2024,10,23,11,19,Day,Partly cloudy,90.3,59,100,0,5.6,29.85,6.4,WNW
Kuala Lumpur,Kuala Lumpur,Malaysia,Asia/Kuala_Lumpur,2024-10-23 11:40:00.000,2024,10,23,11,40,Day,Partly cloudy,89.6,59,98.4,0,5.6,29.85,6.4,WNW
Kuala Lumpur,Kuala Lumpur,Malaysia,Asia/Kuala_Lumpur,2024-10-23 12:00:00.000,2024,10,23,12,0,Day,Partly cloudy,90.3,59,97.1,0,6.5,29.85,7.5,W
Kuala Lumpur,Kuala Lumpur,Malaysia,Asia/Kuala_Lumpur,2024-10-23 12:20:00.000,2024,10,23,12,20,Day,Partly cloudy,91.6,56,99.8,0,6.5,29.85,7.5,W
Kuala Lumpur,Kuala Lumpur,Malaysia,Asia/Kuala_Lumpur,2024-10-23 12:39:00.000,2024,10,23,12,39,Day,Partly cloudy,91.9,56,100.5,0,6.5,29.85,7.5,W
Kuala Lumpur,Kuala Lumpur,Malaysia,Asia/Kuala_Lumpur,2024-10-23 13:00:00.000,2024,10,23,13,0,Day,Sunny,89.4,52,95.4,0,6.5,29.88,7.5,W
Kuala Lumpur,Kuala Lumpur,Malaysia,Asia/Kuala_Lumpur,2024-10-23 13:20:00.000,2024,10,23,13,20,Day,Partly cloudy,93.2,53,101.3,0,7.4,29.83,8.5,W
Kuala Lumpur,Kuala Lumpur,Malaysia,Asia/Kuala_Lumpur,2024-10-23 13:40:00.000,2024,10,23,13,40,Day,Partly cloudy,93.6,53,102.1,0,7.4,29.83,8.5,W
Kuala Lumpur,Kuala Lumpur,Malaysia,Asia/Kuala_Lumpur,2024-10-23 14:00:00.000,2024,10,23,14,0,Day,Partly cloudy,95,50,104.1,0,7.8,29.83,9,W
Kuala Lumpur,Kuala Lumpur,Malaysia,Asia/Kuala_Lumpur,2024-10-23 14:20:00.000,2024,10,23,14,20,Day,Partly cloudy,95.2,47,104.5,0,7.8,29.8,9,W
Kuala Lumpur,Kuala Lumpur,Malaysia,Asia/Kuala_Lumpur,2024-10-23 14:39:00.000,2024,10,23,14,39,Day,Partly cloudy,95.2,44,102.9,0,7.8,29.8,9,W
Kuala Lumpur,Kuala Lumpur,Malaysia,Asia/Kuala_Lumpur,2024-10-23 14:59:00.000,2024,10,23,14,59,Day,Partly cloudy,95.2,44,104.5,0,7.8,29.77,9,W
Kuala Lumpur,Kuala Lumpur,Malaysia,Asia/Kuala_Lumpur,2024-10-23 15:20:00.000,2024,10,23,15,20,Day,Partly cloudy,93.6,47,101.2,0,8.3,29.77,9.5,W
Kuala Lumpur,Kuala Lumpur,Malaysia,Asia/Kuala_Lumpur,2024-10-23 15:39:00.000,2024,10,23,15,39,Day,Partly cloudy,93.7,47,101.6,0,8.3,29.77,9.5,W
Kuala Lumpur,Kuala Lumpur,Malaysia,Asia/Kuala_Lumpur,2024-10-23 16:00:00.000,2024,10,23,16,0,Day,Partly cloudy,93.4,47,102.6,0,8.5,29.77,9.8,W
Kuala Lumpur,Kuala Lumpur,Malaysia,Asia/Kuala_Lumpur,2024-10-23 16:19:00.000,2024,10,23,16,19,Night,Clear,77.7,84,82.3,0,2.7,29.86,4.5,N
Kuala Lumpur,Kuala Lumpur,Malaysia,Asia/Kuala_Lumpur,2024-10-23 16:39:00.000,2024,10,23,16,39,Day,Partly cloudy,93.7,50,103.4,0,8.5,29.74,9.8,W
Kuala Lumpur,Kuala Lumpur,Malaysia,Asia/Kuala_Lumpur,2024-10-23 16:59:00.000,2024,10,23,16,59,Day,Partly cloudy,93.6,50,103,0,8.5,29.74,9.8,W
Kuala Lumpur,Kuala Lumpur,Malaysia,Asia/Kuala_Lumpur,2024-10-23 17:20:00.000,2024,10,23,17,20,Day,Sunny,87.7,59,94.6,0,8.3,29.77,9.5,W
Kuala Lumpur,Kuala Lumpur,Malaysia,Asia/Kuala_Lumpur,2024-10-23 17:40:00.000,2024,10,23,17,40,Day,Sunny,87.7,59,94.6,0,8.3,29.77,9.5,W
Kuala Lumpur,Kuala Lumpur,Malaysia,Asia/Kuala_Lumpur,2024-10-23 18:00:00.000,2024,10,23,18,0,Day,Sunny,83.9,69,90.2,0,6.9,29.79,8.9,W
Kuala Lumpur,Kuala Lumpur,Malaysia,Asia/Kuala_Lumpur,2024-10-23 18:20:00.000,2024,10,23,18,20,Day,Sunny,83.9,69,90.2,0,6.9,29.79,8.9,W
Kuala Lumpur,Kuala Lumpur,Malaysia,Asia/Kuala_Lumpur,2024-10-23 18:40:00.000,2024,10,23,18,40,Day,Sunny,83.9,69,90.2,0,6.9,29.79,8.9,W
Kuala Lumpur,Kuala Lumpur,Malaysia,Asia/Kuala_Lumpur,2024-10-23 19:00:00.000,2024,10,23,19,0,Night,Sunny,83.9,69,90.2,0,6.9,29.79,8.9,W
Kuala Lumpur,Kuala Lumpur,Malaysia,Asia/Kuala_Lumpur,2024-10-23 19:19:00.000,2024,10,23,19,19,Night,Clear,80.6,78,85.9,0,4,29.81,6.3,WNW
Kuala Lumpur,Kuala Lumpur,Malaysia,Asia/Kuala_Lumpur,2024-10-23 19:39:00.000,2024,10,23,19,39,Night,Clear,80.6,78,85.9,0,4,29.81,6.3,WNW
Kuala Lumpur,Kuala Lumpur,Malaysia,Asia/Kuala_Lumpur,2024-10-23 19:59:00.000,2024,10,23,19,59,Night,Clear,80.6,78,85.9,0,4,29.81,6.3,WNW
Kuala Lumpur,Kuala Lumpur,Malaysia,Asia/Kuala_Lumpur,2024-10-23 20:20:00.000,2024,10,23,20,20,Night,Clear,79.7,79,84.7,0,2.5,29.84,4,NW
Kuala Lumpur,Kuala Lumpur,Malaysia,Asia/Kuala_Lumpur,2024-10-23 20:40:00.000,2024,10,23,20,40,Night,Clear,79.7,79,84.7,0,2.5,29.84,4,NW
Kuala Lumpur,Kuala Lumpur,Malaysia,Asia/Kuala_Lumpur,2024-10-23 21:12:00.000,2024,10,23,21,12,Night,Partly cloudy,82.4,74,90.2,0,2.2,29.8,3.7,N
Kuala Lumpur,Kuala Lumpur,Malaysia,Asia/Kuala_Lumpur,2024-10-23 21:19:00.000,2024,10,23,21,19,Night,Clear,79.3,80,84.2,0,2.2,29.86,3.7,N
Kuala Lumpur,Kuala Lumpur,Malaysia,Asia/Kuala_Lumpur,2024-10-23 21:40:00.000,2024,10,23,21,40,Night,Clear,79.3,80,84.2,0,2.2,29.86,3.7,N
Kuala Lumpur,Kuala Lumpur,Malaysia,Asia/Kuala_Lumpur,2024-10-23 21:59:00.000,2024,10,23,21,59,Night,Clear,79.3,80,84.2,0,2.2,29.86,3.7,N
Kuala Lumpur,Kuala Lumpur,Malaysia,Asia/Kuala_Lumpur,2024-10-23 22:19:00.000,2024,10,23,22,19,Night,Patchy rain nearby,78.7,81,83.4,0.03,2.2,29.87,3.5,N
Kuala Lumpur,Kuala Lumpur,Malaysia,Asia/Kuala_Lumpur,2024-10-23 22:39:00.000,2024,10,23,22,39,Night,Patchy rain nearby,78.7,81,83.4,0.03,2.2,29.87,3.5,N
Kuala Lumpur,Kuala Lumpur,Malaysia,Asia/Kuala_Lumpur,2024-10-23 23:00:00.000,2024,10,23,23,0,Night,Partly cloudy,80.6,89,87,0,2.2,29.85,3.1,NNW
Kuala Lumpur,Kuala Lumpur,Malaysia,Asia/Kuala_Lumpur,2024-10-23 23:20:00.000,2024,10,23,23,20,Night,Partly cloudy,80.6,89,87,0,2.2,29.85,3.1,NNW
Kuala Lumpur,Kuala Lumpur,Malaysia,Asia/Kuala_Lumpur,2024-10-23 23:39:00.000,2024,10,23,23,39,Night,Partly cloudy,80.8,89,87.4,0,2.2,29.85,3.1,NNW
Kuala Lumpur,Kuala Lumpur,Malaysia,Asia/Kuala_Lumpur,2024-10-23 23:59:00.000,2024,10,23,23,59,Night,Partly cloudy,81.1,84,88.1,0,2.2,29.85,3.1,NNW
Kuala Lumpur,Kuala Lumpur,Malaysia,Asia/Kuala_Lumpur,2024-10-24 00:19:00.000,2024,10,24,0,19,Night,Partly cloudy,78.8,94,84.1,0,2.2,29.83,2.7,N
Kuala Lumpur,Kuala Lumpur,Malaysia,Asia/Kuala_Lumpur,2024-10-24 00:39:00.000,2024,10,24,0,39,Night,Partly cloudy,79,94,84.4,0,2.2,29.83,2.7,N
Kuala Lumpur,Kuala Lumpur,Malaysia,Asia/Kuala_Lumpur,2024-10-24 01:00:00.000,2024,10,24,1,0,Night,Partly cloudy,79.2,94,84.7,0,2.2,29.83,2.7,N
Kuala Lumpur,Kuala Lumpur,Malaysia,Asia/Kuala_Lumpur,2024-10-24 01:19:00.000,2024,10,24,1,19,Night,Partly cloudy,79,94,84.4,0,2.2,29.83,2.7,N
Kuala Lumpur,Kuala Lumpur,Malaysia,Asia/Kuala_Lumpur,2024-10-24 01:39:00.000,2024,10,24,1,39,Night,Partly cloudy,79.3,94,85.1,0,2.2,29.83,2.7,N
Kuala Lumpur,Kuala Lumpur,Malaysia,Asia/Kuala_Lumpur,2024-10-24 01:59:00.000,2024,10,24,1,59,Night,Partly cloudy,80.6,89,87.5,0,2.2,29.83,2.7,N
Kuala Lumpur,Kuala Lumpur,Malaysia,Asia/Kuala_Lumpur,2024-10-24 02:19:00.000,2024,10,24,2,19,Night,Patchy rain nearby,77.2,85,81.6,0,2.2,29.84,3.1,N
Kuala Lumpur,Kuala Lumpur,Malaysia,Asia/Kuala_Lumpur,2024-10-24 02:39:00.000,2024,10,24,2,39,Night,Patchy rain nearby,77.2,85,81.6,0,2.2,29.84,3.1,N
Kuala Lumpur,Kuala Lumpur,Malaysia,Asia/Kuala_Lumpur,2024-10-24 03:00:00.000,2024,10,24,3,0,Night,Patchy rain nearby,76.4,86,80.5,0,2.2,29.82,2.4,N
Kuala Lumpur,Kuala Lumpur,Malaysia,Asia/Kuala_Lumpur,2024-10-24 03:20:00.000,2024,10,24,3,20,Night,Patchy rain nearby,76.4,86,80.5,0,2.2,29.82,2.4,N
Kuala Lumpur,Kuala Lumpur,Malaysia,Asia/Kuala_Lumpur,2024-10-24 03:40:00.000,2024,10,24,3,40,Night,Patchy rain nearby,76.4,86,80.5,0,2.2,29.82,2.4,N
Kuala Lumpur,Kuala Lumpur,Malaysia,Asia/Kuala_Lumpur,2024-10-24 03:59:00.000,2024,10,24,3,59,Night,Patchy rain nearby,76.4,86,80.5,0,2.2,29.82,2.4,N
Kuala Lumpur,Kuala Lumpur,Malaysia,Asia/Kuala_Lumpur,2024-10-24 04:20:00.000,2024,10,24,4,20,Night,Patchy rain nearby,76.1,87,80.2,0,2.2,29.82,6.7,N
Kuala Lumpur,Kuala Lumpur,Malaysia,Asia/Kuala_Lumpur,2024-10-24 04:39:00.000,2024,10,24,4,39,Night,Patchy rain nearby,76.1,87,80.2,0,2.2,29.82,6.7,N
Kuala Lumpur,Kuala Lumpur,Malaysia,Asia/Kuala_Lumpur,2024-10-24 04:59:00.000,2024,10,24,4,59,Night,Patchy rain nearby,76.1,87,80.2,0,2.2,29.82,6.7,N
Kuala Lumpur,Kuala Lumpur,Malaysia,Asia/Kuala_Lumpur,2024-10-24 05:19:00.000,2024,10,24,5,19,Night,Clear,75.6,88,79.7,0,2.2,29.82,6.7,N
Kuala Lumpur,Kuala Lumpur,Malaysia,Asia/Kuala_Lumpur,2024-10-24 05:39:00.000,2024,10,24,5,39,Night,Clear,75.6,88,79.7,0,2.2,29.82,6.7,N
Kuala Lumpur,Kuala Lumpur,Malaysia,Asia/Kuala_Lumpur,2024-10-24 05:59:00.000,2024,10,24,5,59,Night,Clear,75.6,88,79.7,0,2.2,29.82,6.7,N
Kuala Lumpur,Kuala Lumpur,Malaysia,Asia/Kuala_Lumpur,2024-10-24 06:19:00.000,2024,10,24,6,19,Night,Clear,75.4,88,79.4,0,2.2,29.83,2.4,N
Kuala Lumpur,Kuala Lumpur,Malaysia,Asia/Kuala_Lumpur,2024-10-24 06:39:00.000,2024,10,24,6,39,Night,Clear,75.4,88,79.4,0,2.2,29.83,2.4,N
Kuala Lumpur,Kuala Lumpur,Malaysia,Asia/Kuala_Lumpur,2024-10-24 06:59:00.000,2024,10,24,6,59,Day,Clear,75.4,88,79.4,0,2.2,29.83,2.4,N
Kuala Lumpur,Kuala Lumpur,Malaysia,Asia/Kuala_Lumpur,2024-10-24 07:19:00.000,2024,10,24,7,19,Day,Partly Cloudy,75.5,89,79.6,0,2.2,29.84,2.7,NNE
Kuala Lumpur,Kuala Lumpur,Malaysia,Asia/Kuala_Lumpur,2024-10-24 07:39:00.000,2024,10,24,7,39,Day,Partly Cloudy,75.5,89,79.6,0,2.2,29.84,2.7,NNE
Kuala Lumpur,Kuala Lumpur,Malaysia,Asia/Kuala_Lumpur,2024-10-24 08:00:00.000,2024,10,24,8,0,Day,Partly cloudy,80.6,84,87.4,0,2.2,29.83,6.7,NNE
Kuala Lumpur,Kuala Lumpur,Malaysia,Asia/Kuala_Lumpur,2024-10-24 08:19:00.000,2024,10,24,8,19,Day,Partly Cloudy,77.6,85,82.3,0,2.2,29.86,6.7,NNE
Kuala Lumpur,Kuala Lumpur,Malaysia,Asia/Kuala_Lumpur,2024-10-24 08:39:00.000,2024,10,24,8,39,Day,Partly Cloudy,77.6,85,82.3,0,2.2,29.86,6.7,NNE
Kuala Lumpur,Kuala Lumpur,Malaysia,Asia/Kuala_Lumpur,2024-10-24 08:59:00.000,2024,10,24,8,59,Day,Partly Cloudy,77.6,85,82.3,0,2.2,29.86,6.7,NNE
Kuala Lumpur,Kuala Lumpur,Malaysia,Asia/Kuala_Lumpur,2024-10-24 09:19:00.000,2024,10,24,9,19,Day,Sunny,80.4,79,86,0,2.2,29.88,6.7,NNW
Kuala Lumpur,Kuala Lumpur,Malaysia,Asia/Kuala_Lumpur,2024-10-24 09:40:00.000,2024,10,24,9,40,Day,Sunny,80.4,79,86,0,2.2,29.88,6.7,NNW
Kuala Lumpur,Kuala Lumpur,Malaysia,Asia/Kuala_Lumpur,2024-10-24 09:59:00.000,2024,10,24,9,59,Day,Sunny,80.4,79,86,0,2.2,29.88,6.7,NNW
Kuala Lumpur,Kuala Lumpur,Malaysia,Asia/Kuala_Lumpur,2024-10-24 10:19:00.000,2024,10,24,10,19,Day,Partly cloudy,86.4,75,96.3,0,2.2,29.88,2.6,WNW
Kuala Lumpur,Kuala Lumpur,Malaysia,Asia/Kuala_Lumpur,2024-10-24 10:40:00.000,2024,10,24,10,40,Day,Partly cloudy,86.5,75,96.8,0,2.2,29.88,2.6,WNW
Kuala Lumpur,Kuala Lumpur,Malaysia,Asia/Kuala_Lumpur,2024-10-24 11:00:00.000,2024,10,24,11,0,Day,Partly cloudy,86.4,75,96.3,0,2.2,29.88,2.6,WNW
Kuala Lumpur,Kuala Lumpur,Malaysia,Asia/Kuala_Lumpur,2024-10-24 11:19:00.000,2024,10,24,11,19,Day,Partly cloudy,86.7,75,93.1,0,3.6,29.88,4.1,WNW
Kuala Lumpur,Kuala Lumpur,Malaysia,Asia/Kuala_Lumpur,2024-10-24 11:44:00.000,2024,10,24,11,44,Day,Partly cloudy,89.8,63,99.8,0,3.6,29.88,4.1,WNW
Kuala Lumpur,Kuala Lumpur,Malaysia,Asia/Kuala_Lumpur,2024-10-24 12:00:00.000,2024,10,24,12,0,Day,Partly cloudy,89.8,63,95.6,0,5.1,29.88,5.9,W
Kuala Lumpur,Kuala Lumpur,Malaysia,Asia/Kuala_Lumpur,2024-10-24 12:19:00.000,2024,10,24,12,19,Day,Partly cloudy,92.1,56,100.4,0,5.1,29.85,5.9,W
Kuala Lumpur,Kuala Lumpur,Malaysia,Asia/Kuala_Lumpur,2024-10-24 12:39:00.000,2024,10,24,12,39,Day,Partly cloudy,92.1,56,100.4,0,5.1,29.85,5.9,W
Kuala Lumpur,Kuala Lumpur,Malaysia,Asia/Kuala_Lumpur,2024-10-24 13:00:00.000,2024,10,24,13,0,Day,Partly cloudy,91.6,56,99.2,0,5.1,29.85,5.9,W
Kuala Lumpur,Kuala Lumpur,Malaysia,Asia/Kuala_Lumpur,2024-10-24 13:19:00.000,2024,10,24,13,19,Day,Partly cloudy,91.8,56,97.6,0,6.3,29.83,7.2,WNW
Kuala Lumpur,Kuala Lumpur,Malaysia,Asia/Kuala_Lumpur,2024-10-24 13:40:00.000,2024,10,24,13,40,Day,Partly cloudy,91.8,56,97.6,0,6.3,29.83,7.2,WNW
Kuala Lumpur,Kuala Lumpur,Malaysia,Asia/Kuala_Lumpur,2024-10-24 14:00:00.000,2024,10,24,14,0,Day,Partly cloudy,91.8,56,97.6,0,6.3,29.83,7.2,WNW
Kuala Lumpur,Kuala Lumpur,Malaysia,Asia/Kuala_Lumpur,2024-10-24 14:20:00.000,2024,10,24,14,20,Day,Partly cloudy,91.4,59,96.1,0,7.4,29.8,8.5,WNW
Kuala Lumpur,Kuala Lumpur,Malaysia,Asia/Kuala_Lumpur,2024-10-24 14:39:00.000,2024,10,24,14,39,Day,Partly cloudy,91.8,59,96.8,0,7.4,29.8,8.5,WNW
Kuala Lumpur,Kuala Lumpur,Malaysia,Asia/Kuala_Lumpur,2024-10-24 14:59:00.000,2024,10,24,14,59,Day,Partly cloudy,91.6,59,96.4,0,7.4,29.8,8.5,WNW
Kuala Lumpur,Kuala Lumpur,Malaysia,Asia/Kuala_Lumpur,2024-10-24 15:20:00.000,2024,10,24,15,20,Day,Partly cloudy,91.4,59,96.5,0,8.5,29.77,9.8,WNW
Kuala Lumpur,Kuala Lumpur,Malaysia,Asia/Kuala_Lumpur,2024-10-24 15:39:00.000,2024,10,24,15,39,Day,Partly cloudy,91.9,59,97.5,0,8.5,29.77,9.8,WNW
Kuala Lumpur,Kuala Lumpur,Malaysia,Asia/Kuala_Lumpur,2024-10-24 15:59:00.000,2024,10,24,15,59,Day,Partly cloudy,91.6,59,96.8,0,8.5,29.77,9.8,WNW
Kuala Lumpur,Kuala Lumpur,Malaysia,Asia/Kuala_Lumpur,2024-10-24 16:20:00.000,2024,10,24,16,20,Day,Partly cloudy,90,67,95.8,0,9.2,29.77,10.6,W
Kuala Lumpur,Kuala Lumpur,Malaysia,Asia/Kuala_Lumpur,2024-10-24 16:40:00.000,2024,10,24,16,40,Day,Partly cloudy,89.8,67,95.4,0,9.2,29.77,10.6,W
Kuala Lumpur,Kuala Lumpur,Malaysia,Asia/Kuala_Lumpur,2024-10-24 16:59:00.000,2024,10,24,16,59,Day,Partly cloudy,90.1,67,96.1,0,9.2,29.77,10.6,W
Kuala Lumpur,Kuala Lumpur,Malaysia,Asia/Kuala_Lumpur,2024-10-24 17:19:00.000,2024,10,24,17,19,Day,Partly cloudy,88.5,71,97.2,0,8.7,29.77,10,W
Kuala Lumpur,Kuala Lumpur,Malaysia,Asia/Kuala_Lumpur,2024-10-24 17:40:00.000,2024,10,24,17,40,Day,Partly cloudy,88.2,71,96.4,0,8.7,29.77,10,W
Kuala Lumpur,Kuala Lumpur,Malaysia,Asia/Kuala_Lumpur,2024-10-24 17:59:00.000,2024,10,24,17,59,Day,Partly cloudy,88.3,71,96.8,0,8.7,29.77,10,W
Kuala Lumpur,Kuala Lumpur,Malaysia,Asia/Kuala_Lumpur,2024-10-24 18:20:00.000,2024,10,24,18,20,Day,Partly cloudy,86.5,75,97,0.01,7.2,29.77,9.1,W
Kuala Lumpur,Kuala Lumpur,Malaysia,Asia/Kuala_Lumpur,2024-10-24 18:40:00.000,2024,10,24,18,40,Day,Partly cloudy,86.4,75,96.5,0.01,7.2,29.77,9.1,W
Kuala Lumpur,Kuala Lumpur,Malaysia,Asia/Kuala_Lumpur,2024-10-24 19:00:00.000,2024,10,24,19,0,Night,Patchy rain nearby,80.3,80,86,0.01,4.5,29.8,6.9,W
Kuala Lumpur,Kuala Lumpur,Malaysia,Asia/Kuala_Lumpur,2024-10-24 19:25:00.000,2024,10,24,19,25,Night,Patchy rain nearby,80.3,80,86,0.01,4.5,29.8,6.9,W
Kuala Lumpur,Kuala Lumpur,Malaysia,Asia/Kuala_Lumpur,2024-10-24 19:40:00.000,2024,10,24,19,40,Night,Patchy rain nearby,80.3,80,86,0.01,4.5,29.8,6.9,W
Kuala Lumpur,Kuala Lumpur,Malaysia,Asia/Kuala_Lumpur,2024-10-24 20:00:00.000,2024,10,24,20,0,Night,Patchy rain nearby,80.3,80,86,0.01,4.5,29.8,6.9,W
Kuala Lumpur,Kuala Lumpur,Malaysia,Asia/Kuala_Lumpur,2024-10-24 20:19:00.000,2024,10,24,20,19,Night,Patchy rain nearby,79.3,83,84.7,0.02,3.1,29.82,5,NW
Kuala Lumpur,Kuala Lumpur,Malaysia,Asia/Kuala_Lumpur,2024-10-24 20:40:00.000,2024,10,24,20,40,Night,Patchy rain nearby,79.3,83,84.7,0.02,3.1,29.82,5,NW
Kuala Lumpur,Kuala Lumpur,Malaysia,Asia/Kuala_Lumpur,2024-10-24 20:59:00.000,2024,10,24,20,59,Night,Patchy rain nearby,79.3,83,84.7,0.02,3.1,29.82,5,NW
Kuala Lumpur,Kuala Lumpur,Malaysia,Asia/Kuala_Lumpur,2024-10-24 21:20:00.000,2024,10,24,21,20,Night,Patchy rain nearby,79,84,84.4,0,2.9,29.85,4.7,NW
Kuala Lumpur,Kuala Lumpur,Malaysia,Asia/Kuala_Lumpur,2024-10-24 21:40:00.000,2024,10,24,21,40,Night,Patchy rain nearby,79,84,84.4,0,2.9,29.85,4.7,NW
Kuala Lumpur,Kuala Lumpur,Malaysia,Asia/Kuala_Lumpur,2024-10-24 22:05:00.000,2024,10,24,22,5,Night,Patchy rain nearby,78.7,85,84.1,0,3.6,29.87,5.7,NNW
Kuala Lumpur,Kuala Lumpur,Malaysia,Asia/Kuala_Lumpur,2024-10-24 22:20:00.000,2024,10,24,22,20,Night,Patchy rain nearby,78.7,85,84.1,0,3.6,29.87,5.7,NNW
Kuala Lumpur,Kuala Lumpur,Malaysia,Asia/Kuala_Lumpur,2024-10-24 22:40:00.000,2024,10,24,22,40,Night,Patchy rain nearby,78.7,85,84.1,0,3.6,29.87,5.7,NNW
Kuala Lumpur,Kuala Lumpur,Malaysia,Asia/Kuala_Lumpur,2024-10-24 23:00:00.000,2024,10,24,23,0,Night,Clear,78.3,86,83.4,0,2.9,29.89,4.7,NNW
Kuala Lumpur,Kuala Lumpur,Malaysia,Asia/Kuala_Lumpur,2024-10-24 23:20:00.000,2024,10,24,23,20,Night,Partly cloudy,80.8,89,88.2,0,2.9,29.85,4.7,NNW
Kuala Lumpur,Kuala Lumpur,Malaysia,Asia/Kuala_Lumpur,2024-10-24 23:40:00.000,2024,10,24,23,40,Night,Partly cloudy,81,89,88.6,0,2.9,29.85,4.7,NNW
Kuala Lumpur,Kuala Lumpur,Malaysia,Asia/Kuala_Lumpur,2024-10-25 00:00:00.000,2024,10,25,0,0,Night,Patchy rain nearby,77.1,87,81.8,0,2.7,29.85,4.4,NW
Kuala Lumpur,Kuala Lumpur,Malaysia,Asia/Kuala_Lumpur,2024-10-25 00:20:00.000,2024,10,25,0,20,Night,Patchy rain nearby,77.1,87,81.8,0,2.7,29.85,4.4,NW
Kuala Lumpur,Kuala Lumpur,Malaysia,Asia/Kuala_Lumpur,2024-10-25 00:40:00.000,2024,10,25,0,40,Night,Patchy rain nearby,77.1,87,81.8,0,2.7,29.85,4.4,NW
Kuala Lumpur,Kuala Lumpur,Malaysia,Asia/Kuala_Lumpur,2024-10-25 01:00:00.000,2024,10,25,1,0,Night,Patchy rain nearby,77.1,87,81.8,0,2.7,29.85,4.4,NW
Kuala Lumpur,Kuala Lumpur,Malaysia,Asia/Kuala_Lumpur,2024-10-25 01:20:00.000,2024,10,25,1,20,Night,Patchy rain nearby,77.1,87,81.8,0,2.7,29.85,4.4,NW
Kuala Lumpur,Kuala Lumpur,Malaysia,Asia/Kuala_Lumpur,2024-10-25 01:40:00.000,2024,10,25,1,40,Night,Patchy rain nearby,77.1,87,81.8,0,2.7,29.85,4.4,NW
Kuala Lumpur,Kuala Lumpur,Malaysia,Asia/Kuala_Lumpur,2024-10-25 02:00:00.000,2024,10,25,2,0,Night,Patchy rain nearby,76.7,88,81.2,0,2.5,29.83,3.9,NW
Kuala Lumpur,Kuala Lumpur,Malaysia,Asia/Kuala_Lumpur,2024-10-25 02:20:00.000,2024,10,25,2,20,Night,Patchy rain nearby,76.7,88,81.2,0,2.5,29.83,3.9,NW
Kuala Lumpur,Kuala Lumpur,Malaysia,Asia/Kuala_Lumpur,2024-10-25 02:40:00.000,2024,10,25,2,40,Night,Patchy rain nearby,76.7,88,81.2,0,2.5,29.83,3.9,NW
Kuala Lumpur,Kuala Lumpur,Malaysia,Asia/Kuala_Lumpur,2024-10-25 03:00:00.000,2024,10,25,3,0,Night,Clear,76.1,90,80.6,0,2.7,29.81,4.2,NW
Kuala Lumpur,Kuala Lumpur,Malaysia,Asia/Kuala_Lumpur,2024-10-25 03:20:00.000,2024,10,25,3,20,Night,Clear,76.1,90,80.6,0,2.7,29.81,4.2,NW
Kuala Lumpur,Kuala Lumpur,Malaysia,Asia/Kuala_Lumpur,2024-10-25 03:40:00.000,2024,10,25,3,40,Night,Clear,76.1,90,80.6,0,2.7,29.81,4.2,NW
Kuala Lumpur,Kuala Lumpur,Malaysia,Asia/Kuala_Lumpur,2024-10-25 04:00:00.000,2024,10,25,4,0,Night,Partly Cloudy,75.8,91,80.2,0,2.2,29.81,3.1,NW
Kuala Lumpur,Kuala Lumpur,Malaysia,Asia/Kuala_Lumpur,2024-10-25 04:20:00.000,2024,10,25,4,20,Night,Partly Cloudy,75.8,91,80.2,0,2.2,29.81,3.1,NW
Kuala Lumpur,Kuala Lumpur,Malaysia,Asia/Kuala_Lumpur,2024-10-25 04:40:00.000,2024,10,25,4,40,Night,Partly Cloudy,75.8,91,80.2,0,2.2,29.81,3.1,NW
Kuala Lumpur,Kuala Lumpur,Malaysia,Asia/Kuala_Lumpur,2024-10-25 05:00:00.000,2024,10,25,5,0,Night,Patchy rain nearby,75.2,92,79.6,0,2.2,29.81,3.6,NW
Kuala Lumpur,Kuala Lumpur,Malaysia,Asia/Kuala_Lumpur,2024-10-25 05:20:00.000,2024,10,25,5,20,Night,Patchy rain nearby,75.2,92,79.6,0,2.2,29.81,3.6,NW
Kuala Lumpur,Kuala Lumpur,Malaysia,Asia/Kuala_Lumpur,2024-10-25 05:40:00.000,2024,10,25,5,40,Night,Patchy rain nearby,75.2,92,79.6,0,2.2,29.81,3.6,NW
Kuala Lumpur,Kuala Lumpur,Malaysia,Asia/Kuala_Lumpur,2024-10-25 06:00:00.000,2024,10,25,6,0,Night,Partly Cloudy,74.9,92,79.2,0,2.2,29.82,3.3,NNW
Kuala Lumpur,Kuala Lumpur,Malaysia,Asia/Kuala_Lumpur,2024-10-25 06:20:00.000,2024,10,25,6,20,Night,Partly Cloudy,74.9,92,79.2,0,2.2,29.82,3.3,NNW
Kuala Lumpur,Kuala Lumpur,Malaysia,Asia/Kuala_Lumpur,2024-10-25 06:40:00.000,2024,10,25,6,40,Night,Partly Cloudy,74.9,92,79.2,0,2.2,29.82,3.3,NNW
Kuala Lumpur,Kuala Lumpur,Malaysia,Asia/Kuala_Lumpur,2024-10-25 07:00:00.000,2024,10,25,7,0,Day,Patchy rain nearby,74.8,93,79.1,0,2.2,29.84,2.6,NW
Kuala Lumpur,Kuala Lumpur,Malaysia,Asia/Kuala_Lumpur,2024-10-25 07:20:00.000,2024,10,25,7,20,Day,Patchy rain nearby,74.8,93,79.1,0,2.2,29.84,2.6,NW
Kuala Lumpur,Kuala Lumpur,Malaysia,Asia/Kuala_Lumpur,2024-10-25 07:40:00.000,2024,10,25,7,40,Day,Patchy rain nearby,74.8,93,79.1,0,2.2,29.84,2.6,NW
Kuala Lumpur,Kuala Lumpur,Malaysia,Asia/Kuala_Lumpur,2024-10-25 08:00:00.000,2024,10,25,8,0,Day,Patchy rain nearby,74.8,93,79.1,0,2.2,29.84,2.6,NW
Kuala Lumpur,Kuala Lumpur,Malaysia,Asia/Kuala_Lumpur,2024-10-25 08:20:00.000,2024,10,25,8,20,Day,Partly cloudy,81,84,88.7,0,2.2,29.83,2.3,NW
Kuala Lumpur,Kuala Lumpur,Malaysia,Asia/Kuala_Lumpur,2024-10-25 08:40:00.000,2024,10,25,8,40,Day,Partly cloudy,81,84,88.7,0,2.2,29.83,2.3,NW
Kuala Lumpur,Kuala Lumpur,Malaysia,Asia/Kuala_Lumpur,2024-10-25 09:00:00.000,2024,10,25,9,0,Day,Patchy rain nearby,80.9,76,86.3,0,4.9,29.88,5.7,NW
Kuala Lumpur,Kuala Lumpur,Malaysia,Asia/Kuala_Lumpur,2024-10-25 09:20:00.000,2024,10,25,9,20,Day,Partly cloudy,84.4,79,93.5,0,4.9,29.85,5.7,NW
Kuala Lumpur,Kuala Lumpur,Malaysia,Asia/Kuala_Lumpur,2024-10-25 09:40:00.000,2024,10,25,9,40,Day,Patchy rain nearby,80.9,76,86.3,0,4.9,29.88,5.7,NW
Kuala Lumpur,Kuala Lumpur,Malaysia,Asia/Kuala_Lumpur,2024-10-25 10:00:00.000,2024,10,25,10,0,Day,Partly cloudy,84.4,79,90.8,0,6.7,29.85,7.7,WNW
Kuala Lumpur,Kuala Lumpur,Malaysia,Asia/Kuala_Lumpur,2024-10-25 10:20:00.000,2024,10,25,10,20,Day,Patchy rain nearby,84.2,68,90.4,0,6.7,29.88,7.7,WNW
Kuala Lumpur,Kuala Lumpur,Malaysia,Asia/Kuala_Lumpur,2024-10-25 10:40:00.000,2024,10,25,10,40,Day,Patchy rain nearby,84.2,68,90.4,0,6.7,29.88,7.7,WNW
Kuala Lumpur,Kuala Lumpur,Malaysia,Asia/Kuala_Lumpur,2024-10-25 11:00:00.000,2024,10,25,11,0,Day,Partly cloudy,88.3,66,96.5,0,8.3,29.88,9.6,WNW
Kuala Lumpur,Kuala Lumpur,Malaysia,Asia/Kuala_Lumpur,2024-10-25 11:20:00.000,2024,10,25,11,20,Day,Partly cloudy,90,63,100.2,0,8.3,29.88,9.6,WNW
Kuala Lumpur,Kuala Lumpur,Malaysia,Asia/Kuala_Lumpur,2024-10-25 11:40:00.000,2024,10,25,11,40,Day,Partly cloudy,90.3,63,101,0,8.3,29.88,9.6,WNW
Kuala Lumpur,Kuala Lumpur,Malaysia,Asia/Kuala_Lumpur,2024-10-25 12:00:00.000,2024,10,25,12,0,Day,Partly cloudy,90.3,59,98.9,0.01,8.9,29.88,10.3,WNW
Kuala Lumpur,Kuala Lumpur,Malaysia,Asia/Kuala_Lumpur,2024-10-25 12:20:00.000,2024,10,25,12,20,Day,Partly cloudy,88.3,75,94.8,0.01,8.9,29.85,10.3,WNW
Kuala Lumpur,Kuala Lumpur,Malaysia,Asia/Kuala_Lumpur,2024-10-25 12:40:00.000,2024,10,25,12,40,Day,Partly cloudy,88.2,75,94.4,0.01,8.9,29.85,10.3,WNW
Kuala Lumpur,Kuala Lumpur,Malaysia,Asia/Kuala_Lumpur,2024-10-25 13:00:00.000,2024,10,25,13,0,Day,Partly cloudy,88.3,75,94.8,0.01,8.9,29.85,10.3,WNW
Kuala Lumpur,Kuala Lumpur,Malaysia,Asia/Kuala_Lumpur,2024-10-25 13:20:00.000,2024,10,25,13,20,Day,Partly cloudy,87.8,71,93.3,0.01,9.6,29.83,11.8,WNW
Kuala Lumpur,Kuala Lumpur,Malaysia,Asia/Kuala_Lumpur,2024-10-25 13:40:00.000,2024,10,25,13,40,Day,Partly cloudy,88.3,71,94.3,0.01,9.6,29.83,11.8,WNW
Kuala Lumpur,Kuala Lumpur,Malaysia,Asia/Kuala_Lumpur,2024-10-25 14:05:00.000,2024,10,25,14,5,Day,Partly cloudy,88.2,71,95.3,0.01,10.3,29.83,11.8,WNW
Kuala Lumpur,Kuala Lumpur,Malaysia,Asia/Kuala_Lumpur,2024-10-25 14:20:00.000,2024,10,25,14,20,Day,Patchy rain nearby,88.5,58,96.1,0.01,10.3,29.8,11.8,WNW
Kuala Lumpur,Kuala Lumpur,Malaysia,Asia/Kuala_Lumpur,2024-10-25 14:40:00.000,2024,10,25,14,40,Day,Patchy rain nearby,88.5,58,96.1,0.01,10.3,29.8,11.8,WNW
Kuala Lumpur,Kuala Lumpur,Malaysia,Asia/Kuala_Lumpur,2024-10-25 15:00:00.000,2024,10,25,15,0,Day,Patchy rain nearby,88.5,58,96.1,0.01,10.3,29.8,11.8,WNW
Kuala Lumpur,Kuala Lumpur,Malaysia,Asia/Kuala_Lumpur,2024-10-25 15:20:00.000,2024,10,25,15,20,Day,Patchy rain nearby,87.3,62,94.9,0.02,10.3,29.79,12.6,WNW
Kuala Lumpur,Kuala Lumpur,Malaysia,Asia/Kuala_Lumpur,2024-10-25 15:40:00.000,2024,10,25,15,40,Day,Patchy rain nearby,87.3,62,94.9,0.02,10.3,29.79,12.6,WNW
Kuala Lumpur,Kuala Lumpur,Malaysia,Asia/Kuala_Lumpur,2024-10-25 16:00:00.000,2024,10,25,16,0,Day,Thundery outbreaks possible,82.6,79,88,0.02,8.9,29.77,10.3,WNW
Kuala Lumpur,Kuala Lumpur,Malaysia,Asia/Kuala_Lumpur,2024-10-25 16:20:00.000,2024,10,25,16,20,Day,Partly cloudy,80.8,89,84.9,0.02,8.9,29.8,10.3,WNW
Kuala Lumpur,Kuala Lumpur,Malaysia,Asia/Kuala_Lumpur,2024-10-25 16:40:00.000,2024,10,25,16,40,Day,Partly cloudy,81.1,89,85.5,0.02,8.9,29.8,10.3,WNW
Kuala Lumpur,Kuala Lumpur,Malaysia,Asia/Kuala_Lumpur,2024-10-25 17:00:00.000,2024,10,25,17,0,Day,Partly cloudy,81,89,85.2,0.02,8.9,29.8,10.3,WNW
Kuala Lumpur,Kuala Lumpur,Malaysia,Asia/Kuala_Lumpur,2024-10-25 17:20:00.000,2024,10,25,17,20,Day,Partly cloudy,84.7,79,94.8,0,6.9,29.77,10,WNW
Kuala Lumpur,Kuala Lumpur,Malaysia,Asia/Kuala_Lumpur,2024-10-25 17:40:00.000,2024,10,25,17,40,Day,Partly cloudy,80.8,84,86.3,0,6.9,29.77,10,WNW
Kuala Lumpur,Kuala Lumpur,Malaysia,Asia/Kuala_Lumpur,2024-10-25 18:00:00.000,2024,10,25,18,0,Day,Partly cloudy,81,84,87.4,0,5.6,29.77,7.8,NW
Kuala Lumpur,Kuala Lumpur,Malaysia,Asia/Kuala_Lumpur,2024-10-25 18:20:00.000,2024,10,25,18,20,Day,Partly cloudy,82.6,84,90.8,0,5.6,29.8,7.8,NW
Kuala Lumpur,Kuala Lumpur,Malaysia,Asia/Kuala_Lumpur,2024-10-25 18:40:00.000,2024,10,25,18,40,Day,Partly cloudy,82.8,84,91.2,0,5.6,29.8,7.8,NW
Kuala Lumpur,Kuala Lumpur,Malaysia,Asia/Kuala_Lumpur,2024-10-25 19:00:00.000,2024,10,25,19,0,Night,Partly cloudy,82.9,84,91.6,0,5.6,29.8,7.8,NW
Kuala Lumpur,Kuala Lumpur,Malaysia,Asia/Kuala_Lumpur,2024-10-25 19:20:00.000,2024,10,25,19,20,Night,Partly cloudy,82.8,79,91.6,0,4.5,29.83,6.7,NW
Kuala Lumpur,Kuala Lumpur,Malaysia,Asia/Kuala_Lumpur,2024-10-25 19:40:00.000,2024,10,25,19,40,Night,Partly cloudy,82.6,79,91.2,0,4.5,29.83,6.7,NW
Kuala Lumpur,Kuala Lumpur,Malaysia,Asia/Kuala_Lumpur,2024-10-25 20:00:00.000,2024,10,25,20,0,Night,Partly cloudy,82.6,79,91.2,0,4.5,29.83,6.7,NW
Kuala Lumpur,Kuala Lumpur,Malaysia,Asia/Kuala_Lumpur,2024-10-25 20:20:00.000,2024,10,25,20,20,Night,Partly Cloudy,78.7,82,83.5,0,4.3,29.82,6.7,NW
Kuala Lumpur,Kuala Lumpur,Malaysia,Asia/Kuala_Lumpur,2024-10-25 20:40:00.000,2024,10,25,20,40,Night,Partly Cloudy,78.7,82,83.5,0,4.3,29.82,6.7,NW
Kuala Lumpur,Kuala Lumpur,Malaysia,Asia/Kuala_Lumpur,2024-10-25 21:00:00.000,2024,10,25,21,0,Night,Partly cloudy,81.3,84,88.5,0,3.6,29.83,5.8,NW
Kuala Lumpur,Kuala Lumpur,Malaysia,Asia/Kuala_Lumpur,2024-10-25 21:25:00.000,2024,10,25,21,25,Night,Partly cloudy,80.8,84,87.4,0,3.6,29.85,5.8,NW
Kuala Lumpur,Kuala Lumpur,Malaysia,Asia/Kuala_Lumpur,2024-10-25 21:40:00.000,2024,10,25,21,40,Night,Partly cloudy,80.8,84,87.4,0,3.6,29.85,5.8,NW
Kuala Lumpur,Kuala Lumpur,Malaysia,Asia/Kuala_Lumpur,2024-10-25 22:25:00.000,2024,10,25,22,25,Night,Partly Cloudy,77,83,81.1,0,2.7,29.88,4.6,NNW
Kuala Lumpur,Kuala Lumpur,Malaysia,Asia/Kuala_Lumpur,2024-10-25 22:40:00.000,2024,10,25,22,40,Night,Partly Cloudy,77,83,81.1,0,2.7,29.88,4.6,NNW
Kuala Lumpur,Kuala Lumpur,Malaysia,Asia/Kuala_Lumpur,2024-10-25 23:00:00.000,2024,10,25,23,0,Night,Partly Cloudy,76.2,85,80.2,0,2.7,29.88,4.7,NW
Kuala Lumpur,Kuala Lumpur,Malaysia,Asia/Kuala_Lumpur,2024-10-25 23:20:00.000,2024,10,25,23,20,Night,Partly Cloudy,76.2,85,80.2,0,2.7,29.88,4.7,NW
Kuala Lumpur,Kuala Lumpur,Malaysia,Asia/Kuala_Lumpur,2024-10-25 23:40:00.000,2024,10,25,23,40,Night,Partly Cloudy,76.2,85,80.2,0,2.7,29.88,4.7,NW
Kuala Lumpur,Kuala Lumpur,Malaysia,Asia/Kuala_Lumpur,2024-10-26 00:05:00.000,2024,10,26,0,5,Night,Partly Cloudy,74.8,87,78.7,0,2.2,29.85,4,NNW
Kuala Lumpur,Kuala Lumpur,Malaysia,Asia/Kuala_Lumpur,2024-10-26 00:20:00.000,2024,10,26,0,20,Night,Partly Cloudy,74.8,87,78.7,0,2.2,29.85,4,NNW
Kuala Lumpur,Kuala Lumpur,Malaysia,Asia/Kuala_Lumpur,2024-10-26 00:40:00.000,2024,10,26,0,40,Night,Partly Cloudy,74.8,87,78.7,0,2.2,29.85,4,NNW
Kuala Lumpur,Kuala Lumpur,Malaysia,Asia/Kuala_Lumpur,2024-10-26 01:00:00.000,2024,10,26,1,0,Night,Partly Cloudy,74.8,87,78.7,0,2.2,29.85,4,NNW
Kuala Lumpur,Kuala Lumpur,Malaysia,Asia/Kuala_Lumpur,2024-10-26 01:20:00.000,2024,10,26,1,20,Night,Partly Cloudy,74.8,87,78.7,0,2.2,29.85,4,NNW
Kuala Lumpur,Kuala Lumpur,Malaysia,Asia/Kuala_Lumpur,2024-10-26 01:40:00.000,2024,10,26,1,40,Night,Partly Cloudy,74.8,87,78.7,0,2.2,29.85,4,NNW
Kuala Lumpur,Kuala Lumpur,Malaysia,Asia/Kuala_Lumpur,2024-10-26 02:00:00.000,2024,10,26,2,0,Night,Partly cloudy,77.7,94,82.7,0,2.2,29.83,4,NNW
Kuala Lumpur,Kuala Lumpur,Malaysia,Asia/Kuala_Lumpur,2024-10-26 02:20:00.000,2024,10,26,2,20,Night,Partly cloudy,77.7,94,82.8,0,2.2,29.83,3.7,NNW
Kuala Lumpur,Kuala Lumpur,Malaysia,Asia/Kuala_Lumpur,2024-10-26 02:40:00.000,2024,10,26,2,40,Night,Partly cloudy,77.5,94,82.5,0,2.2,29.83,3.7,NNW
Kuala Lumpur,Kuala Lumpur,Malaysia,Asia/Kuala_Lumpur,2024-10-26 03:00:00.000,2024,10,26,3,0,Night,Partly cloudy,77,94,81.7,0,2.2,29.8,2.3,N
Kuala Lumpur,Kuala Lumpur,Malaysia,Asia/Kuala_Lumpur,2024-10-26 03:20:00.000,2024,10,26,3,20,Night,Partly cloudy,77.5,94,82.6,0,2.2,29.8,2.3,N
Kuala Lumpur,Kuala Lumpur,Malaysia,Asia/Kuala_Lumpur,2024-10-26 03:40:00.000,2024,10,26,3,40,Night,Partly cloudy,77.2,94,82,0,2.2,29.8,2.3,N
Kuala Lumpur,Kuala Lumpur,Malaysia,Asia/Kuala_Lumpur,2024-10-26 04:00:00.000,2024,10,26,4,0,Night,Partly cloudy,77.4,94,82.3,0,2.2,29.8,6.7,NW
Kuala Lumpur,Kuala Lumpur,Malaysia,Asia/Kuala_Lumpur,2024-10-26 04:20:00.000,2024,10,26,4,20,Night,Partly cloudy,77.4,94,82.3,0,2.2,29.77,6.7,NW
Kuala Lumpur,Kuala Lumpur,Malaysia,Asia/Kuala_Lumpur,2024-10-26 04:40:00.000,2024,10,26,4,40,Night,Partly cloudy,77.5,94,82.6,0,2.2,29.77,6.7,NW
Kuala Lumpur,Kuala Lumpur,Malaysia,Asia/Kuala_Lumpur,2024-10-26 05:00:00.000,2024,10,26,5,0,Night,Partly cloudy,77.4,94,82.4,0,2.2,29.77,2.2,W
Kuala Lumpur,Kuala Lumpur,Malaysia,Asia/Kuala_Lumpur,2024-10-26 05:20:00.000,2024,10,26,5,20,Night,Partly cloudy,77.7,89,83,0,2.2,29.77,2.2,W
Kuala Lumpur,Kuala Lumpur,Malaysia,Asia/Kuala_Lumpur,2024-10-26 05:40:00.000,2024,10,26,5,40,Night,Partly cloudy,77,89,81.8,0,2.2,29.77,2.2,W
Kuala Lumpur,Kuala Lumpur,Malaysia,Asia/Kuala_Lumpur,2024-10-26 06:00:00.000,2024,10,26,6,0,Night,Partly cloudy,77.2,94,82.1,0,2.2,29.77,2.2,W
Kuala Lumpur,Kuala Lumpur,Malaysia,Asia/Kuala_Lumpur,2024-10-26 06:20:00.000,2024,10,26,6,20,Night,Partly cloudy,77.4,94,82.4,0,2.2,29.77,2.2,NW
Kuala Lumpur,Kuala Lumpur,Malaysia,Asia/Kuala_Lumpur,2024-10-26 06:40:00.000,2024,10,26,6,40,Night,Partly cloudy,77.7,94,83,0,2.2,29.77,2.2,NW
Kuala Lumpur,Kuala Lumpur,Malaysia,Asia/Kuala_Lumpur,2024-10-26 07:00:00.000,2024,10,26,7,0,Day,Partly cloudy,77.4,94,82.3,0,2.2,29.8,3.3,NNW
Kuala Lumpur,Kuala Lumpur,Malaysia,Asia/Kuala_Lumpur,2024-10-26 07:20:00.000,2024,10,26,7,20,Day,Partly cloudy,77.4,94,82.3,0,2.2,29.8,3.3,NNW
Kuala Lumpur,Kuala Lumpur,Malaysia,Asia/Kuala_Lumpur,2024-10-26 07:40:00.000,2024,10,26,7,40,Day,Partly cloudy,77.2,94,82,0,2.2,29.8,3.3,NNW
Kuala Lumpur,Kuala Lumpur,Malaysia,Asia/Kuala_Lumpur,2024-10-26 08:00:00.000,2024,10,26,8,0,Day,Partly cloudy,77.5,94,82.6,0,2.2,29.8,3.3,NNW
Kuala Lumpur,Kuala Lumpur,Malaysia,Asia/Kuala_Lumpur,2024-10-26 08:20:00.000,2024,10,26,8,20,Day,Partly cloudy,79.3,89,85,0,2.2,29.83,2.5,WNW
Kuala Lumpur,Kuala Lumpur,Malaysia,Asia/Kuala_Lumpur,2024-10-26 08:40:00.000,2024,10,26,8,40,Day,Partly cloudy,79.3,89,85,0,2.2,29.83,2.5,WNW
Kuala Lumpur,Kuala Lumpur,Malaysia,Asia/Kuala_Lumpur,2024-10-26 09:00:00.000,2024,10,26,9,0,Day,Partly Cloudy,77,84,81.2,0,2.2,29.84,2.5,WNW
Kuala Lumpur,Kuala Lumpur,Malaysia,Asia/Kuala_Lumpur,2024-10-26 09:20:00.000,2024,10,26,9,20,Day,Partly cloudy,81.1,84,86.4,0,3.1,29.85,3.6,WNW
Kuala Lumpur,Kuala Lumpur,Malaysia,Asia/Kuala_Lumpur,2024-10-26 09:40:00.000,2024,10,26,9,40,Day,Partly cloudy,81,84,86.1,0,3.1,29.85,3.6,WNW
Kuala Lumpur,Kuala Lumpur,Malaysia,Asia/Kuala_Lumpur,2024-10-26 10:00:00.000,2024,10,26,10,0,Day,Partly cloudy,80.8,84,85.8,0,3.1,29.85,3.6,WNW
Kuala Lumpur,Kuala Lumpur,Malaysia,Asia/Kuala_Lumpur,2024-10-26 10:20:00.000,2024,10,26,10,20,Day,Partly cloudy,84.9,70,92,0,4.9,29.85,5.7,WNW
Kuala Lumpur,Kuala Lumpur,Malaysia,Asia/Kuala_Lumpur,2024-10-26 10:40:00.000,2024,10,26,10,40,Day,Partly cloudy,84.6,70,91.3,0,4.9,29.85,5.7,WNW
Kuala Lumpur,Kuala Lumpur,Malaysia,Asia/Kuala_Lumpur,2024-10-26 11:00:00.000,2024,10,26,11,0,Day,Partly cloudy,84.4,70,89.7,0.02,6.3,29.85,7.2,WNW
Kuala Lumpur,Kuala Lumpur,Malaysia,Asia/Kuala_Lumpur,2024-10-26 11:20:00.000,2024,10,26,11,20,Day,Partly cloudy,86.5,62,94,0.02,6.3,29.85,7.2,WNW
Kuala Lumpur,Kuala Lumpur,Malaysia,Asia/Kuala_Lumpur,2024-10-26 11:40:00.000,2024,10,26,11,40,Day,Partly cloudy,86.2,62,93.3,0.02,6.3,29.85,7.2,WNW
Kuala Lumpur,Kuala Lumpur,Malaysia,Asia/Kuala_Lumpur,2024-10-26 12:00:00.000,2024,10,26,12,0,Day,Partly cloudy,86.4,62,93.6,0.02,6.3,29.85,7.2,WNW
Kuala Lumpur,Kuala Lumpur,Malaysia,Asia/Kuala_Lumpur,2024-10-26 12:20:00.000,2024,10,26,12,20,Day,Partly cloudy,86.2,66,93.1,0.02,7.2,29.83,8.2,WNW
Kuala Lumpur,Kuala Lumpur,Malaysia,Asia/Kuala_Lumpur,2024-10-26 12:40:00.000,2024,10,26,12,40,Day,Partly cloudy,86.4,66,93.4,0.02,7.2,29.83,8.2,WNW
Kuala Lumpur,Kuala Lumpur,Malaysia,Asia/Kuala_Lumpur,2024-10-26 13:00:00.000,2024,10,26,13,0,Day,Partly cloudy,86.7,66,95.1,0.06,7.6,29.83,10.8,W
Kuala Lumpur,Kuala Lumpur,Malaysia,Asia/Kuala_Lumpur,2024-10-26 13:20:00.000,2024,10,26,13,20,Day,Partly cloudy,88.3,63,98.9,0.06,7.6,29.83,10.8,W
Kuala Lumpur,Kuala Lumpur,Malaysia,Asia/Kuala_Lumpur,2024-10-26 13:40:00.000,2024,10,26,13,40,Day,Partly cloudy,88,63,98,0.06,7.6,29.83,10.8,W
Kuala Lumpur,Kuala Lumpur,Malaysia,Asia/Kuala_Lumpur,2024-10-26 14:00:00.000,2024,10,26,14,0,Day,Partly cloudy,88.3,63,100.2,0.04,7.4,29.83,8.5,WNW
Kuala Lumpur,Kuala Lumpur,Malaysia,Asia/Kuala_Lumpur,2024-10-26 14:20:00.000,2024,10,26,14,20,Day,Light rain,86.5,75,95.8,0.04,7.4,29.8,8.5,WNW
Kuala Lumpur,Kuala Lumpur,Malaysia,Asia/Kuala_Lumpur,2024-10-26 14:40:00.000,2024,10,26,14,40,Day,Light rain,86.7,75,96.3,0.04,7.4,29.8,8.5,WNW
Kuala Lumpur,Kuala Lumpur,Malaysia,Asia/Kuala_Lumpur,2024-10-26 15:00:00.000,2024,10,26,15,0,Day,Light rain,86.5,75,98.3,0.07,8.1,29.8,10.9,WNW
Kuala Lumpur,Kuala Lumpur,Malaysia,Asia/Kuala_Lumpur,2024-10-26 15:20:00.000,2024,10,26,15,20,Day,Light rain,84.6,75,92.1,0.07,8.1,29.77,10.9,WNW
Kuala Lumpur,Kuala Lumpur,Malaysia,Asia/Kuala_Lumpur,2024-10-26 15:40:00.000,2024,10,26,15,40,Day,Light rain,84.2,75,91.3,0.07,8.1,29.77,10.9,WNW
Kuala Lumpur,Kuala Lumpur,Malaysia,Asia/Kuala_Lumpur,2024-10-26 16:00:00.000,2024,10,26,16,0,Day,Light rain,84.6,75,92.5,0.03,8.1,29.77,11.8,WNW
Kuala Lumpur,Kuala Lumpur,Malaysia,Asia/Kuala_Lumpur,2024-10-26 16:20:00.000,2024,10,26,16,20,Day,Partly cloudy,81.1,84,85.9,0.03,8.1,29.77,11.8,WNW
Kuala Lumpur,Kuala Lumpur,Malaysia,Asia/Kuala_Lumpur,2024-10-26 16:40:00.000,2024,10,26,16,40,Day,Partly cloudy,81,84,85.6,0.03,8.1,29.77,11.8,WNW
Kuala Lumpur,Kuala Lumpur,Malaysia,Asia/Kuala_Lumpur,2024-10-26 17:00:00.000,2024,10,26,17,0,Day,Partly cloudy,81,84,85.6,0.03,8.1,29.77,11.8,WNW
Kuala Lumpur,Kuala Lumpur,Malaysia,Asia/Kuala_Lumpur,2024-10-26 17:20:00.000,2024,10,26,17,20,Day,Partly cloudy,84.6,75,93.5,0.01,7.2,29.77,11.2,WNW
Kuala Lumpur,Kuala Lumpur,Malaysia,Asia/Kuala_Lumpur,2024-10-26 17:40:00.000,2024,10,26,17,40,Day,Partly cloudy,84.7,75,93.9,0.01,7.2,29.77,11.2,WNW
Kuala Lumpur,Kuala Lumpur,Malaysia,Asia/Kuala_Lumpur,2024-10-26 18:00:00.000,2024,10,26,18,0,Day,Patchy rain nearby,80.8,79,86.8,0.01,5.8,29.77,8.8,WNW
Kuala Lumpur,Kuala Lumpur,Malaysia,Asia/Kuala_Lumpur,2024-10-26 18:20:00.000,2024,10,26,18,20,Day,Partly cloudy,82.9,79,91.2,0.01,5.8,29.77,8.8,WNW
Kuala Lumpur,Kuala Lumpur,Malaysia,Asia/Kuala_Lumpur,2024-10-26 18:40:00.000,2024,10,26,18,40,Day,Partly cloudy,82.8,79,90.8,0.01,5.8,29.77,8.8,WNW
Kuala Lumpur,Kuala Lumpur,Malaysia,Asia/Kuala_Lumpur,2024-10-26 19:00:00.000,2024,10,26,19,0,Night,Partly cloudy,82.9,79,91.2,0.01,5.8,29.77,8.8,WNW
Kuala Lumpur,Kuala Lumpur,Malaysia,Asia/Kuala_Lumpur,2024-10-26 19:20:00.000,2024,10,26,19,20,Night,Clear,78.3,85,83.3,0,4,29.78,6.5,NW
Kuala Lumpur,Kuala Lumpur,Malaysia,Asia/Kuala_Lumpur,2024-10-26 19:40:00.000,2024,10,26,19,40,Night,Clear,78.3,85,83.3,0,4,29.78,6.5,NW
Kuala Lumpur,Kuala Lumpur,Malaysia,Asia/Kuala_Lumpur,2024-10-26 20:00:00.000,2024,10,26,20,0,Night,Clear,78.3,85,83.3,0,4,29.78,6.5,NW
