location.,region.,country.,timezone id.,localtime.,year.,month.,day.,hour.,minute.,is day or night.,condition.,temperature (c).,humidity (%).,feelslike (c).,precipitation (mm).,wind speed (kph).,wind pressure (mb).,gust (kph).,wind direction.
Kuala Lumpur,Kuala Lumpur,Malaysia,Asia/Kuala_Lumpur,2024-10-21 12:00:00.000,2024,10,21,12,0,Day,Partly cloudy,32,63,35.8,0,7.6,1013,8.7,W
Kuala Lumpur,Kuala Lumpur,Malaysia,Asia/Kuala_Lumpur,2024-10-21 12:46:00.000,2024,10,21,12,46,Day,Partly cloudy,33.1,59,38.2,0,7.6,1012,8.7,W
Kuala Lumpur,Kuala Lumpur,Malaysia,Asia/Kuala_Lumpur,2024-10-21 13:00:00.000,2024,10,21,13,0,Day,Partly cloudy,33.3,59,37.7,0.01,7.9,1012,9.1,W
Kuala Lumpur,Kuala Lumpur,Malaysia,Asia/Kuala_Lumpur,2024-10-21 13:20:00.000,2024,10,21,13,20,Day,Partly cloudy,34.2,53,39.7,0.01,7.9,1011,9.1,W
Kuala Lumpur,Kuala Lumpur,Malaysia,Asia/Kuala_Lumpur,2024-10-21 13:39:00.000,2024,10,21,13,39,Day,Partly cloudy,34.3,53,39.9,0.01,7.9,1011,9.1,W
Kuala Lumpur,Kuala Lumpur,Malaysia,Asia/Kuala_Lumpur,2024-10-21 13:59:00.000,2024,10,21,13,59,Day,Partly cloudy,34,53,39.2,0.01,7.9,1011,9.1,W
Kuala Lumpur,Kuala Lumpur,Malaysia,Asia/Kuala_Lumpur,2024-10-21 14:19:00.000,2024,10,21,14,19,Day,Partly cloudy,33.4,63,37.3,0,9.4,1009,10.8,W
Kuala Lumpur,Kuala Lumpur,Malaysia,Asia/Kuala_Lumpur,2024-10-21 14:40:00.000,2024,10,21,14,40,Day,Partly cloudy,33.2,63,36.9,0,9.4,1009,10.8,W
Kuala Lumpur,Kuala Lumpur,Malaysia,Asia/Kuala_Lumpur,2024-10-21 15:00:00.000,2024,10,21,15,0,Day,Partly cloudy,35.4,50,41.3,0,10.8,1009,12.4,W
Kuala Lumpur,Kuala Lumpur,Malaysia,Asia/Kuala_Lumpur,2024-10-21 15:20:00.000,2024,10,21,15,20,Day,Partly cloudy,35.2,50,40.8,0,10.8,1008,12.4,W
Kuala Lumpur,Kuala Lumpur,Malaysia,Asia/Kuala_Lumpur,2024-10-21 15:40:00.000,2024,10,21,15,40,Day,Partly cloudy,35.1,50,40.6,0,10.8,1008,12.4,W
Kuala Lumpur,Kuala Lumpur,Malaysia,Asia/Kuala_Lumpur,2024-10-21 15:59:00.000,2024,10,21,15,59,Day,Partly cloudy,35.3,50,41,0,10.8,1008,12.4,W
Kuala Lumpur,Kuala Lumpur,Malaysia,Asia/Kuala_Lumpur,2024-10-21 16:20:00.000,2024,10,21,16,20,Day,Partly cloudy,33.3,67,37.3,0.01,11.9,1007,13.7,WSW
Kuala Lumpur,Kuala Lumpur,Malaysia,Asia/Kuala_Lumpur,2024-10-21 16:40:00.000,2024,10,21,16,40,Day,Partly cloudy,33,67,36.7,0.01,11.9,1007,13.7,WSW
Kuala Lumpur,Kuala Lumpur,Malaysia,Asia/Kuala_Lumpur,2024-10-21 17:00:00.000,2024,10,21,17,0,Day,Partly cloudy,34.2,56,39.2,0.01,11.9,1007,13.7,WSW
Kuala Lumpur,Kuala Lumpur,Malaysia,Asia/Kuala_Lumpur,2024-10-21 17:19:00.000,2024,10,21,17,19,Day,Partly cloudy,33.3,59,38.9,0,12.6,1007,14.5,WSW
Kuala Lumpur,Kuala Lumpur,Malaysia,Asia/Kuala_Lumpur,2024-10-21 17:40:00.000,2024,10,21,17,40,Day,Partly cloudy,33.2,59,38.7,0,12.6,1007,14.5,WSW
Kuala Lumpur,Kuala Lumpur,Malaysia,Asia/Kuala_Lumpur,2024-10-21 18:00:00.000,2024,10,21,18,0,Day,Partly cloudy,33.1,59,38.4,0,12.6,1007,14.5,WSW
Kuala Lumpur,Kuala Lumpur,Malaysia,Asia/Kuala_Lumpur,2024-10-21 18:19:00.000,2024,10,21,18,19,Day,Patchy rain nearby,29.8,68,34.1,0.03,10.8,1009,13.2,W
Kuala Lumpur,Kuala Lumpur,Malaysia,Asia/Kuala_Lumpur,2024-10-21 18:40:00.000,2024,10,21,18,40,Day,Patchy rain nearby,29.8,68,34.1,0.03,10.8,1009,13.2,W
Kuala Lumpur,Kuala Lumpur,Malaysia,Asia/Kuala_Lumpur,2024-10-21 18:59:00.000,2024,10,21,18,59,Night,Patchy rain nearby,29.6,69,33.8,0.01,11.9,1008,14.6,W
Kuala Lumpur,Kuala Lumpur,Malaysia,Asia/Kuala_Lumpur,2024-10-21 19:19:00.000,2024,10,21,19,19,Night,Patchy rain nearby,27.3,79,30.7,0.17,7.6,1009,11.6,WNW
Kuala Lumpur,Kuala Lumpur,Malaysia,Asia/Kuala_Lumpur,2024-10-21 19:39:00.000,2024,10,21,19,39,Night,Patchy rain nearby,27.3,79,30.7,0.17,7.6,1009,11.6,WNW
Kuala Lumpur,Kuala Lumpur,Malaysia,Asia/Kuala_Lumpur,2024-10-21 20:00:00.000,2024,10,21,20,0,Night,Partly cloudy,28.2,84,32.5,0.17,7.6,1008,11.6,WNW
Kuala Lumpur,Kuala Lumpur,Malaysia,Asia/Kuala_Lumpur,2024-10-21 20:20:00.000,2024,10,21,20,20,Night,Partly cloudy,28.4,84,33.3,0.02,5,1009,7.9,NW
Kuala Lumpur,Kuala Lumpur,Malaysia,Asia/Kuala_Lumpur,2024-10-21 20:39:00.000,2024,10,21,20,39,Night,Partly cloudy,28.1,84,32.6,0.02,5,1009,7.9,NW
Kuala Lumpur,Kuala Lumpur,Malaysia,Asia/Kuala_Lumpur,2024-10-21 20:59:00.000,2024,10,21,20,59,Night,Partly cloudy,27.3,89,30.9,0.02,5,1009,7.9,NW
Kuala Lumpur,Kuala Lumpur,Malaysia,Asia/Kuala_Lumpur,2024-10-21 21:19:00.000,2024,10,21,21,19,Night,Partly cloudy,27,89,30.5,0.21,4.3,1010,7.1,NNW
Kuala Lumpur,Kuala Lumpur,Malaysia,Asia/Kuala_Lumpur,2024-10-21 21:39:00.000,2024,10,21,21,39,Night,Partly cloudy,27.2,89,30.9,0.21,4.3,1010,7.1,NNW
Kuala Lumpur,Kuala Lumpur,Malaysia,Asia/Kuala_Lumpur,2024-10-21 22:00:00.000,2024,10,21,22,0,Night,Partly cloudy,27.4,89,31.4,0,4,1010,6.6,N
Kuala Lumpur,Kuala Lumpur,Malaysia,Asia/Kuala_Lumpur,2024-10-21 22:20:00.000,2024,10,21,22,20,Night,Partly cloudy,27.2,89,31,0,4,1011,6.6,N
Kuala Lumpur,Kuala Lumpur,Malaysia,Asia/Kuala_Lumpur,2024-10-21 22:39:00.000,2024,10,21,22,39,Night,Partly cloudy,27,89,30.6,0,4,1011,6.6,N
Kuala Lumpur,Kuala Lumpur,Malaysia,Asia/Kuala_Lumpur,2024-10-21 23:00:00.000,2024,10,21,23,0,Night,Partly cloudy,27.1,89,30.8,0,4,1011,6.6,N
Kuala Lumpur,Kuala Lumpur,Malaysia,Asia/Kuala_Lumpur,2024-10-21 23:24:00.000,2024,10,21,23,24,Night,Partly cloudy,27.3,89,31.4,0,3.6,1011,5.7,N
Kuala Lumpur,Kuala Lumpur,Malaysia,Asia/Kuala_Lumpur,2024-10-21 23:40:00.000,2024,10,21,23,40,Night,Partly cloudy,27.2,89,31.2,0,3.6,1011,5.7,N
Kuala Lumpur,Kuala Lumpur,Malaysia,Asia/Kuala_Lumpur,2024-10-22 00:05:00.000,2024,10,22,0,5,Night,Partly Cloudy,24.7,88,27.1,0,3.6,1012,6.6,N
Kuala Lumpur,Kuala Lumpur,Malaysia,Asia/Kuala_Lumpur,2024-10-22 00:25:00.000,2024,10,22,0,25,Night,Partly Cloudy,24.7,88,27.1,0,3.6,1012,6.6,N
Kuala Lumpur,Kuala Lumpur,Malaysia,Asia/Kuala_Lumpur,2024-10-22 00:40:00.000,2024,10,22,0,40,Night,Partly Cloudy,24.7,88,27.1,0,3.6,1012,6.6,N
Kuala Lumpur,Kuala Lumpur,Malaysia,Asia/Kuala_Lumpur,2024-10-22 01:19:00.000,2024,10,22,1,19,Night,Partly Cloudy,25,85,27.3,0,4.3,1011,8.1,N
Kuala Lumpur,Kuala Lumpur,Malaysia,Asia/Kuala_Lumpur,2024-10-22 01:40:00.000,2024,10,22,1,40,Night,Partly Cloudy,25,85,27.3,0,4.3,1011,8.1,N
Kuala Lumpur,Kuala Lumpur,Malaysia,Asia/Kuala_Lumpur,2024-10-22 01:59:00.000,2024,10,22,1,59,Night,Partly Cloudy,25,85,27.3,0,4.3,1011,8.1,N
Kuala Lumpur,Kuala Lumpur,Malaysia,Asia/Kuala_Lumpur,2024-10-22 02:20:00.000,2024,10,22,2,20,Night,Partly Cloudy,24.7,86,27,0,4.7,1011,8.7,N
Kuala Lumpur,Kuala Lumpur,Malaysia,Asia/Kuala_Lumpur,2024-10-22 02:40:00.000,2024,10,22,2,40,Night,Partly Cloudy,24.7,86,27,0,4.7,1011,8.7,N
Kuala Lumpur,Kuala Lumpur,Malaysia,Asia/Kuala_Lumpur,2024-10-22 03:00:00.000,2024,10,22,3,0,Night,Partly Cloudy,24.5,87,26.8,0,4.3,1010,7.9,N
Kuala Lumpur,Kuala Lumpur,Malaysia,Asia/Kuala_Lumpur,2024-10-22 03:20:00.000,2024,10,22,3,20,Night,Partly Cloudy,24.5,87,26.8,0,4.3,1010,7.9,N
Kuala Lumpur,Kuala Lumpur,Malaysia,Asia/Kuala_Lumpur,2024-10-22 03:40:00.000,2024,10,22,3,40,Night,Partly Cloudy,24.5,87,26.8,0,4.3,1010,7.9,N
Kuala Lumpur,Kuala Lumpur,Malaysia,Asia/Kuala_Lumpur,2024-10-22 03:59:00.000,2024,10,22,3,59,Night,Partly Cloudy,24.5,87,26.8,0,4.3,1010,7.9,N
Kuala Lumpur,Kuala Lumpur,Malaysia,Asia/Kuala_Lumpur,2024-10-22 04:19:00.000,2024,10,22,4,19,Night,Patchy rain nearby,24.3,88,26.6,0.04,3.6,1010,6.5,N
Kuala Lumpur,Kuala Lumpur,Malaysia,Asia/Kuala_Lumpur,2024-10-22 04:40:00.000,2024,10,22,4,40,Night,Partly cloudy,26,89,29.3,0.04,3.6,1009,6.5,N
Kuala Lumpur,Kuala Lumpur,Malaysia,Asia/Kuala_Lumpur,2024-10-22 05:00:00.000,2024,10,22,5,0,Night,Partly Cloudy,24.2,89,26.5,0,3.6,1010,6.3,N
Kuala Lumpur,Kuala Lumpur,Malaysia,Asia/Kuala_Lumpur,2024-10-22 05:19:00.000,2024,10,22,5,19,Night,Partly Cloudy,24.2,89,26.5,0,3.6,1010,6.3,N
Kuala Lumpur,Kuala Lumpur,Malaysia,Asia/Kuala_Lumpur,2024-10-22 05:39:00.000,2024,10,22,5,39,Night,Partly Cloudy,24.2,89,26.5,0,3.6,1010,6.3,N
Kuala Lumpur,Kuala Lumpur,Malaysia,Asia/Kuala_Lumpur,2024-10-22 05:59:00.000,2024,10,22,5,59,Night,Partly cloudy,26.1,89,29.6,0,3.6,1009,6.3,N
Kuala Lumpur,Kuala Lumpur,Malaysia,Asia/Kuala_Lumpur,2024-10-22 06:19:00.000,2024,10,22,6,19,Night,Partly cloudy,25.3,94,28.2,0.01,4,1009,7,NNE
Kuala Lumpur,Kuala Lumpur,Malaysia,Asia/Kuala_Lumpur,2024-10-22 06:39:00.000,2024,10,22,6,39,Night,Partly cloudy,25.2,94,28,0.01,4,1009,7,NNE
Kuala Lumpur,Kuala Lumpur,Malaysia,Asia/Kuala_Lumpur,2024-10-22 06:59:00.000,2024,10,22,6,59,Day,Partly cloudy,25.3,94,28.2,0.01,4,1010,7,NNE
Kuala Lumpur,Kuala Lumpur,Malaysia,Asia/Kuala_Lumpur,2024-10-22 07:19:00.000,2024,10,22,7,19,Day,Partly cloudy,25.4,94,28.4,0,3.6,1010,5.5,NNE
Kuala Lumpur,Kuala Lumpur,Malaysia,Asia/Kuala_Lumpur,2024-10-22 07:40:00.000,2024,10,22,7,40,Day,Partly cloudy,25.1,94,27.9,0,3.6,1010,5.5,NNE
Kuala Lumpur,Kuala Lumpur,Malaysia,Asia/Kuala_Lumpur,2024-10-22 07:59:00.000,2024,10,22,7,59,Day,Partly cloudy,25.1,94,27.9,0,3.6,1010,5.5,NNE
Kuala Lumpur,Kuala Lumpur,Malaysia,Asia/Kuala_Lumpur,2024-10-22 08:20:00.000,2024,10,22,8,20,Day,Partly cloudy,27.3,89,31.6,0.01,3.6,1011,4,NNE
Kuala Lumpur,Kuala Lumpur,Malaysia,Asia/Kuala_Lumpur,2024-10-22 08:40:00.000,2024,10,22,8,40,Day,Partly cloudy,27.3,89,31.6,0.01,3.6,1011,4,NNE
Kuala Lumpur,Kuala Lumpur,Malaysia,Asia/Kuala_Lumpur,2024-10-22 09:20:00.000,2024,10,22,9,20,Day,Partly Cloudy,27.6,77,31,0,3.6,1012,10.8,NNW
Kuala Lumpur,Kuala Lumpur,Malaysia,Asia/Kuala_Lumpur,2024-10-22 09:40:00.000,2024,10,22,9,40,Day,Partly cloudy,29.1,79,34.7,0,3.6,1011,10.8,NNW
Kuala Lumpur,Kuala Lumpur,Malaysia,Asia/Kuala_Lumpur,2024-10-22 10:00:00.000,2024,10,22,10,0,Day,Partly Cloudy,27.6,77,31,0,3.6,1012,10.8,NNW
Kuala Lumpur,Kuala Lumpur,Malaysia,Asia/Kuala_Lumpur,2024-10-22 10:25:00.000,2024,10,22,10,25,Day,Sunny,29,71,33,0,4.7,1013,5.4,WNW
Kuala Lumpur,Kuala Lumpur,Malaysia,Asia/Kuala_Lumpur,2024-10-22 10:40:00.000,2024,10,22,10,40,Day,Partly cloudy,31,75,37.6,0,4.7,1011,5.4,WNW
Kuala Lumpur,Kuala Lumpur,Malaysia,Asia/Kuala_Lumpur,2024-10-22 10:59:00.000,2024,10,22,10,59,Day,Sunny,29,71,33,0,4.7,1013,5.4,WNW
Kuala Lumpur,Kuala Lumpur,Malaysia,Asia/Kuala_Lumpur,2024-10-22 11:20:00.000,2024,10,22,11,20,Day,Partly cloudy,32.3,67,39.2,0,6.5,1011,7.5,W
Kuala Lumpur,Kuala Lumpur,Malaysia,Asia/Kuala_Lumpur,2024-10-22 11:40:00.000,2024,10,22,11,40,Day,Partly cloudy,32.1,67,38.7,0,6.5,1011,7.5,W
Kuala Lumpur,Kuala Lumpur,Malaysia,Asia/Kuala_Lumpur,2024-10-22 12:00:00.000,2024,10,22,12,0,Day,Partly cloudy,32.3,67,39.2,0,6.5,1011,7.5,W
Kuala Lumpur,Kuala Lumpur,Malaysia,Asia/Kuala_Lumpur,2024-10-22 12:19:00.000,2024,10,22,12,19,Day,Partly cloudy,33.1,63,39.4,0.03,7.9,1010,9.1,W
Kuala Lumpur,Kuala Lumpur,Malaysia,Asia/Kuala_Lumpur,2024-10-22 12:40:00.000,2024,10,22,12,40,Day,Partly cloudy,33,63,39.2,0.03,7.9,1010,9.1,W
Kuala Lumpur,Kuala Lumpur,Malaysia,Asia/Kuala_Lumpur,2024-10-22 13:00:00.000,2024,10,22,13,0,Day,Partly cloudy,33.2,63,39.7,0.03,7.9,1010,9.1,W
Kuala Lumpur,Kuala Lumpur,Malaysia,Asia/Kuala_Lumpur,2024-10-22 13:19:00.000,2024,10,22,13,19,Day,Partly cloudy,34.3,60,40.7,0.01,9.4,1009,10.8,W
Kuala Lumpur,Kuala Lumpur,Malaysia,Asia/Kuala_Lumpur,2024-10-22 13:40:00.000,2024,10,22,13,40,Day,Partly cloudy,34.2,60,40.4,0.01,9.4,1009,10.8,W
Kuala Lumpur,Kuala Lumpur,Malaysia,Asia/Kuala_Lumpur,2024-10-22 14:00:00.000,2024,10,22,14,0,Day,Partly Cloudy,33,51,37,0,11.2,1009,12.9,W
Kuala Lumpur,Kuala Lumpur,Malaysia,Asia/Kuala_Lumpur,2024-10-22 14:20:00.000,2024,10,22,14,20,Day,Partly cloudy,34.2,56,39.6,0,11.2,1008,12.9,W
Kuala Lumpur,Kuala Lumpur,Malaysia,Asia/Kuala_Lumpur,2024-10-22 14:40:00.000,2024,10,22,14,40,Day,Partly cloudy,34,56,39.1,0,11.2,1008,12.9,W
Kuala Lumpur,Kuala Lumpur,Malaysia,Asia/Kuala_Lumpur,2024-10-22 15:00:00.000,2024,10,22,15,0,Day,Partly Cloudy,33,51,37,0,11.2,1009,12.9,W
Kuala Lumpur,Kuala Lumpur,Malaysia,Asia/Kuala_Lumpur,2024-10-22 15:19:00.000,2024,10,22,15,19,Day,Sunny,32.9,51,37,0,13,1008,14.9,W
Kuala Lumpur,Kuala Lumpur,Malaysia,Asia/Kuala_Lumpur,2024-10-22 15:39:00.000,2024,10,22,15,39,Day,Sunny,32.9,51,37,0,13,1008,14.9,W
Kuala Lumpur,Kuala Lumpur,Malaysia,Asia/Kuala_Lumpur,2024-10-22 16:00:00.000,2024,10,22,16,0,Day,Sunny,32.9,51,37,0,13,1008,14.9,W
Kuala Lumpur,Kuala Lumpur,Malaysia,Asia/Kuala_Lumpur,2024-10-22 16:20:00.000,2024,10,22,16,20,Day,Partly cloudy,34,60,40.2,0,13.7,1007,15.7,W
Kuala Lumpur,Kuala Lumpur,Malaysia,Asia/Kuala_Lumpur,2024-10-22 16:40:00.000,2024,10,22,16,40,Day,Partly cloudy,34,60,40.2,0,13.7,1007,15.7,W
Kuala Lumpur,Kuala Lumpur,Malaysia,Asia/Kuala_Lumpur,2024-10-22 16:59:00.000,2024,10,22,16,59,Day,Partly cloudy,34,60,40.2,0,13.7,1006,15.7,W
Kuala Lumpur,Kuala Lumpur,Malaysia,Asia/Kuala_Lumpur,2024-10-22 17:19:00.000,2024,10,22,17,19,Day,Sunny,31.1,61,35.3,0,13.7,1007,15.7,W
Kuala Lumpur,Kuala Lumpur,Malaysia,Asia/Kuala_Lumpur,2024-10-22 17:40:00.000,2024,10,22,17,40,Day,Sunny,31.1,61,35.3,0,13.7,1007,15.7,W
Kuala Lumpur,Kuala Lumpur,Malaysia,Asia/Kuala_Lumpur,2024-10-22 17:59:00.000,2024,10,22,17,59,Day,Sunny,31.1,61,35.3,0,13.7,1007,15.7,W
Kuala Lumpur,Kuala Lumpur,Malaysia,Asia/Kuala_Lumpur,2024-10-22 18:20:00.000,2024,10,22,18,20,Day,Sunny,29.3,70,33.4,0,11.5,1008,13.9,W
Kuala Lumpur,Kuala Lumpur,Malaysia,Asia/Kuala_Lumpur,2024-10-22 18:40:00.000,2024,10,22,18,40,Day,Sunny,29.3,70,33.4,0,11.5,1008,13.9,W
Kuala Lumpur,Kuala Lumpur,Malaysia,Asia/Kuala_Lumpur,2024-10-22 18:59:00.000,2024,10,22,18,59,Night,Sunny,29.3,70,33.4,0,11.5,1008,13.9,W
Kuala Lumpur,Kuala Lumpur,Malaysia,Asia/Kuala_Lumpur,2024-10-22 19:20:00.000,2024,10,22,19,20,Night,Patchy rain nearby,27,79,30.2,0.01,7.2,1009,11.1,WNW
Kuala Lumpur,Kuala Lumpur,Malaysia,Asia/Kuala_Lumpur,2024-10-22 19:40:00.000,2024,10,22,19,40,Night,Patchy rain nearby,27,79,30.2,0.01,7.2,1009,11.1,WNW
Kuala Lumpur,Kuala Lumpur,Malaysia,Asia/Kuala_Lumpur,2024-10-22 20:00:00.000,2024,10,22,20,0,Night,Clear,26.4,80,29.2,0,4.7,1010,7.5,NW
Kuala Lumpur,Kuala Lumpur,Malaysia,Asia/Kuala_Lumpur,2024-10-22 20:20:00.000,2024,10,22,20,20,Night,Clear,26.4,80,29.2,0,4.7,1010,7.5,NW
Kuala Lumpur,Kuala Lumpur,Malaysia,Asia/Kuala_Lumpur,2024-10-22 20:39:00.000,2024,10,22,20,39,Night,Clear,26.4,80,29.2,0,4.7,1010,7.5,NW
Kuala Lumpur,Kuala Lumpur,Malaysia,Asia/Kuala_Lumpur,2024-10-22 21:00:00.000,2024,10,22,21,0,Night,Clear,26.2,81,28.9,0,4,1011,6.4,NNW
Kuala Lumpur,Kuala Lumpur,Malaysia,Asia/Kuala_Lumpur,2024-10-22 21:20:00.000,2024,10,22,21,20,Night,Clear,26.2,81,28.9,0,4,1011,6.4,NNW
Kuala Lumpur,Kuala Lumpur,Malaysia,Asia/Kuala_Lumpur,2024-10-22 21:39:00.000,2024,10,22,21,39,Night,Clear,26.2,81,28.9,0,4,1011,6.4,NNW
Kuala Lumpur,Kuala Lumpur,Malaysia,Asia/Kuala_Lumpur,2024-10-22 22:00:00.000,2024,10,22,22,0,Night,Partly cloudy,28.1,84,32.7,0,4,1010,6.4,NNW
Kuala Lumpur,Kuala Lumpur,Malaysia,Asia/Kuala_Lumpur,2024-10-22 22:20:00.000,2024,10,22,22,20,Night,Partly cloudy,28,84,32.6,0,4.3,1011,7,NNW
Kuala Lumpur,Kuala Lumpur,Malaysia,Asia/Kuala_Lumpur,2024-10-22 22:39:00.000,2024,10,22,22,39,Night,Clear,26,82,28.8,0,4.3,1011,7,NNW
Kuala Lumpur,Kuala Lumpur,Malaysia,Asia/Kuala_Lumpur,2024-10-22 22:59:00.000,2024,10,22,22,59,Night,Clear,26,82,28.8,0,4.3,1011,7,NNW
Kuala Lumpur,Kuala Lumpur,Malaysia,Asia/Kuala_Lumpur,2024-10-22 23:19:00.000,2024,10,22,23,19,Night,Clear,25.8,83,28.5,0,3.6,1012,5.3,N
Kuala Lumpur,Kuala Lumpur,Malaysia,Asia/Kuala_Lumpur,2024-10-22 23:39:00.000,2024,10,22,23,39,Night,Clear,25.8,83,28.5,0,3.6,1012,5.3,N
Kuala Lumpur,Kuala Lumpur,Malaysia,Asia/Kuala_Lumpur,2024-10-22 23:59:00.000,2024,10,22,23,59,Night,Clear,25.8,83,28.5,0,3.6,1012,5.3,N
Kuala Lumpur,Kuala Lumpur,Malaysia,Asia/Kuala_Lumpur,2024-10-23 00:19:00.000,2024,10,23,0,19,Night,Clear,25.3,85,27.9,0,3.6,1011,4.8,NNW
Kuala Lumpur,Kuala Lumpur,Malaysia,Asia/Kuala_Lumpur,2024-10-23 00:40:00.000,2024,10,23,0,40,Night,Clear,25.3,85,27.9,0,3.6,1011,4.8,NNW
Kuala Lumpur,Kuala Lumpur,Malaysia,Asia/Kuala_Lumpur,2024-10-23 00:59:00.000,2024,10,23,0,59,Night,Clear,25.4,84,28,0,4.3,1011,7.2,N
Kuala Lumpur,Kuala Lumpur,Malaysia,Asia/Kuala_Lumpur,2024-10-23 01:19:00.000,2024,10,23,1,19,Night,Clear,25.4,84,28,0,4.3,1011,7.2,N
Kuala Lumpur,Kuala Lumpur,Malaysia,Asia/Kuala_Lumpur,2024-10-23 01:40:00.000,2024,10,23,1,40,Night,Clear,25.4,84,28,0,4.3,1011,7.2,N
Kuala Lumpur,Kuala Lumpur,Malaysia,Asia/Kuala_Lumpur,2024-10-23 01:59:00.000,2024,10,23,1,59,Night,Clear,25.4,84,28,0,4.3,1011,7.2,N
Kuala Lumpur,Kuala Lumpur,Malaysia,Asia/Kuala_Lumpur,2024-10-23 02:20:00.000,2024,10,23,2,20,Night,Clear,25.2,85,27.8,0,4,1011,6.5,N
Kuala Lumpur,Kuala Lumpur,Malaysia,Asia/Kuala_Lumpur,2024-10-23 02:39:00.000,2024,10,23,2,39,Night,Clear,25.2,85,27.8,0,4,1011,6.5,N
Kuala Lumpur,Kuala Lumpur,Malaysia,Asia/Kuala_Lumpur,2024-10-23 02:59:00.000,2024,10,23,2,59,Night,Clear,25.2,85,27.8,0,4,1011,6.5,N
Kuala Lumpur,Kuala Lumpur,Malaysia,Asia/Kuala_Lumpur,2024-10-23 03:20:00.000,2024,10,23,3,20,Night,Patchy rain nearby,25,86,27.5,0.06,4.3,1010,7,NNW
Kuala Lumpur,Kuala Lumpur,Malaysia,Asia/Kuala_Lumpur,2024-10-23 03:40:00.000,2024,10,23,3,40,Night,Patchy rain nearby,25,86,27.5,0.06,4.3,1010,7,NNW
Kuala Lumpur,Kuala Lumpur,Malaysia,Asia/Kuala_Lumpur,2024-10-23 03:59:00.000,2024,10,23,3,59,Night,Patchy rain nearby,25,86,27.5,0.06,4.3,1010,7,NNW
Kuala Lumpur,Kuala Lumpur,Malaysia,Asia/Kuala_Lumpur,2024-10-23 04:19:00.000,2024,10,23,4,19,Night,Patchy rain nearby,24.7,88,27.1,0.13,4,1010,6.5,NNW
Kuala Lumpur,Kuala Lumpur,Malaysia,Asia/Kuala_Lumpur,2024-10-23 04:39:00.000,2024,10,23,4,39,Night,Patchy rain nearby,24.7,88,27.1,0.13,4,1010,6.5,NNW
Kuala Lumpur,Kuala Lumpur,Malaysia,Asia/Kuala_Lumpur,2024-10-23 04:59:00.000,2024,10,23,4,59,Night,Patchy rain nearby,24.7,88,27.1,0.13,4,1010,6.5,NNW
Kuala Lumpur,Kuala Lumpur,Malaysia,Asia/Kuala_Lumpur,2024-10-23 05:20:00.000,2024,10,23,5,20,Night,Partly cloudy,26.2,94,29.8,0.01,4.7,1009,8,NNW
Kuala Lumpur,Kuala Lumpur,Malaysia,Asia/Kuala_Lumpur,2024-10-23 05:40:00.000,2024,10,23,5,40,Night,Partly cloudy,26.2,94,29.8,0.01,4.7,1009,8,NNW
Kuala Lumpur,Kuala Lumpur,Malaysia,Asia/Kuala_Lumpur,2024-10-23 05:59:00.000,2024,10,23,5,59,Night,Patchy rain nearby,24.2,89,26.6,0.01,4.7,1010,8,NNW
Kuala Lumpur,Kuala Lumpur,Malaysia,Asia/Kuala_Lumpur,2024-10-23 06:20:00.000,2024,10,23,6,20,Night,Patchy rain nearby,24,91,26.3,0.32,3.6,1010,5,NNW
Kuala Lumpur,Kuala Lumpur,Malaysia,Asia/Kuala_Lumpur,2024-10-23 06:39:00.000,2024,10,23,6,39,Night,Patchy rain nearby,24,91,26.3,0.32,3.6,1010,5,NNW
Kuala Lumpur,Kuala Lumpur,Malaysia,Asia/Kuala_Lumpur,2024-10-23 06:59:00.000,2024,10,23,6,59,Day,Patchy rain nearby,24,91,26.3,0.32,3.6,1010,5,NNW
Kuala Lumpur,Kuala Lumpur,Malaysia,Asia/Kuala_Lumpur,2024-10-23 07:19:00.000,2024,10,23,7,19,Day,Sunny,24.1,91,26.5,0,3.6,1011,5.4,NNW
Kuala Lumpur,Kuala Lumpur,Malaysia,Asia/Kuala_Lumpur,2024-10-23 07:39:00.000,2024,10,23,7,39,Day,Sunny,24.1,91,26.5,0,3.6,1011,5.4,NNW
Kuala Lumpur,Kuala Lumpur,Malaysia,Asia/Kuala_Lumpur,2024-10-23 07:59:00.000,2024,10,23,7,59,Day,Sunny,24.1,91,26.5,0,3.6,1011,5.4,NNW
Kuala Lumpur,Kuala Lumpur,Malaysia,Asia/Kuala_Lumpur,2024-10-23 08:20:00.000,2024,10,23,8,20,Day,Partly cloudy,27.2,89,31.6,0,3.6,1010,3.9,N
Kuala Lumpur,Kuala Lumpur,Malaysia,Asia/Kuala_Lumpur,2024-10-23 08:40:00.000,2024,10,23,8,40,Day,Partly cloudy,27.2,89,31.6,0,3.6,1010,3.9,N
Kuala Lumpur,Kuala Lumpur,Malaysia,Asia/Kuala_Lumpur,2024-10-23 09:00:00.000,2024,10,23,9,0,Day,Sunny,27.1,78,30.3,0,3.6,1012,4.1,NW
Kuala Lumpur,Kuala Lumpur,Malaysia,Asia/Kuala_Lumpur,2024-10-23 09:20:00.000,2024,10,23,9,20,Day,Sunny,27.1,78,30.3,0,3.6,1012,4.1,NW
Kuala Lumpur,Kuala Lumpur,Malaysia,Asia/Kuala_Lumpur,2024-10-23 09:40:00.000,2024,10,23,9,40,Day,Sunny,27.1,78,30.3,0,3.6,1012,4.1,NW
Kuala Lumpur,Kuala Lumpur,Malaysia,Asia/Kuala_Lumpur,2024-10-23 09:59:00.000,2024,10,23,9,59,Day,Partly cloudy,29,79,34.3,0,3.6,1011,4.1,NW
Kuala Lumpur,Kuala Lumpur,Malaysia,Asia/Kuala_Lumpur,2024-10-23 10:19:00.000,2024,10,23,10,19,Day,Partly cloudy,30.2,70,34.9,0,6.8,1011,7.9,WNW
Kuala Lumpur,Kuala Lumpur,Malaysia,Asia/Kuala_Lumpur,2024-10-23 10:39:00.000,2024,10,23,10,39,Day,Partly cloudy,30.2,70,34.9,0,6.8,1011,7.9,WNW
Kuala Lumpur,Kuala Lumpur,Malaysia,Asia/Kuala_Lumpur,2024-10-23 11:00:00.000,2024,10,23,11,0,Day,Partly cloudy,30.3,70,33.4,0,9,1011,10.4,WNW
Kuala Lumpur,Kuala Lumpur,Malaysia,Asia/Kuala_Lumpur,2024-10-23 11:19:00.000,2024,10,23,11,19,Day,Partly cloudy,32.4,59,37.8,0,9,1011,10.4,WNW
Kuala Lumpur,Kuala Lumpur,Malaysia,Asia/Kuala_Lumpur,2024-10-23 11:40:00.000,2024,10,23,11,40,Day,Partly cloudy,32,59,36.9,0,9,1011,10.4,WNW
Kuala Lumpur,Kuala Lumpur,Malaysia,Asia/Kuala_Lumpur,2024-10-23 12:00:00.000,2024,10,23,12,0,Day,Partly cloudy,32.4,59,36.2,0,10.4,1011,12,W
Kuala Lumpur,Kuala Lumpur,Malaysia,Asia/Kuala_Lumpur,2024-10-23 12:20:00.000,2024,10,23,12,20,Day,Partly cloudy,33.1,56,37.7,0,10.4,1011,12,W
Kuala Lumpur,Kuala Lumpur,Malaysia,Asia/Kuala_Lumpur,2024-10-23 12:39:00.000,2024,10,23,12,39,Day,Partly cloudy,33.3,56,38.1,0,10.4,1011,12,W
Kuala Lumpur,Kuala Lumpur,Malaysia,Asia/Kuala_Lumpur,2024-10-23 13:00:00.000,2024,10,23,13,0,Day,Sunny,31.9,52,35.2,0,10.4,1012,12,W
Kuala Lumpur,Kuala Lumpur,Malaysia,Asia/Kuala_Lumpur,2024-10-23 13:20:00.000,2024,10,23,13,20,Day,Partly cloudy,34,53,38.5,0,11.9,1010,13.7,W
Kuala Lumpur,Kuala Lumpur,Malaysia,Asia/Kuala_Lumpur,2024-10-23 13:40:00.000,2024,10,23,13,40,Day,Partly cloudy,34.2,53,38.9,0,11.9,1010,13.7,W
Kuala Lumpur,Kuala Lumpur,Malaysia,Asia/Kuala_Lumpur,2024-10-23 14:00:00.000,2024,10,23,14,0,Day,Partly cloudy,35,50,40,0,12.6,1010,14.5,W
Kuala Lumpur,Kuala Lumpur,Malaysia,Asia/Kuala_Lumpur,2024-10-23 14:20:00.000,2024,10,23,14,20,Day,Partly cloudy,35.1,47,40.3,0,12.6,1009,14.5,W
Kuala Lumpur,Kuala Lumpur,Malaysia,Asia/Kuala_Lumpur,2024-10-23 14:39:00.000,2024,10,23,14,39,Day,Partly cloudy,35.1,44,39.4,0,12.6,1009,14.5,W
Kuala Lumpur,Kuala Lumpur,Malaysia,Asia/Kuala_Lumpur,2024-10-23 14:59:00.000,2024,10,23,14,59,Day,Partly cloudy,35.1,44,40.3,0,12.6,1008,14.5,W
Kuala Lumpur,Kuala Lumpur,Malaysia,Asia/Kuala_Lumpur,2024-10-23 15:20:00.000,2024,10,23,15,20,Day,Partly cloudy,34.2,47,38.5,0,13.3,1008,15.3,W
Kuala Lumpur,Kuala Lumpur,Malaysia,Asia/Kuala_Lumpur,2024-10-23 15:39:00.000,2024,10,23,15,39,Day,Partly cloudy,34.3,47,38.7,0,13.3,1008,15.3,W
Kuala Lumpur,Kuala Lumpur,Malaysia,Asia/Kuala_Lumpur,2024-10-23 16:00:00.000,2024,10,23,16,0,Day,Partly cloudy,34.1,47,39.2,0,13.7,1008,15.7,W
Kuala Lumpur,Kuala Lumpur,Malaysia,Asia/Kuala_Lumpur,2024-10-23 16:19:00.000,2024,10,23,16,19,Night,Clear,25.4,84,28,0,4.3,1011,7.2,N
Kuala Lumpur,Kuala Lumpur,Malaysia,Asia/Kuala_Lumpur,2024-10-23 16:39:00.000,2024,10,23,16,39,Day,Partly cloudy,34.3,50,39.7,0,13.7,1007,15.7,W
Kuala Lumpur,Kuala Lumpur,Malaysia,Asia/Kuala_Lumpur,2024-10-23 16:59:00.000,2024,10,23,16,59,Day,Partly cloudy,34.2,50,39.4,0,13.7,1007,15.7,W
Kuala Lumpur,Kuala Lumpur,Malaysia,Asia/Kuala_Lumpur,2024-10-23 17:20:00.000,2024,10,23,17,20,Day,Sunny,30.9,59,34.8,0,13.3,1008,15.3,W
Kuala Lumpur,Kuala Lumpur,Malaysia,Asia/Kuala_Lumpur,2024-10-23 17:40:00.000,2024,10,23,17,40,Day,Sunny,30.9,59,34.8,0,13.3,1008,15.3,W
Kuala Lumpur,Kuala Lumpur,Malaysia,Asia/Kuala_Lumpur,2024-10-23 18:00:00.000,2024,10,23,18,0,Day,Sunny,28.8,69,32.4,0,11.2,1009,14.4,W
Kuala Lumpur,Kuala Lumpur,Malaysia,Asia/Kuala_Lumpur,2024-10-23 18:20:00.000,2024,10,23,18,20,Day,Sunny,28.8,69,32.4,0,11.2,1009,14.4,W
Kuala Lumpur,Kuala Lumpur,Malaysia,Asia/Kuala_Lumpur,2024-10-23 18:40:00.000,2024,10,23,18,40,Day,Sunny,28.8,69,32.4,0,11.2,1009,14.4,W
Kuala Lumpur,Kuala Lumpur,Malaysia,Asia/Kuala_Lumpur,2024-10-23 19:00:00.000,2024,10,23,19,0,Night,Sunny,28.8,69,32.4,0,11.2,1009,14.4,W
Kuala Lumpur,Kuala Lumpur,Malaysia,Asia/Kuala_Lumpur,2024-10-23 19:19:00.000,2024,10,23,19,19,Night,Clear,27,78,30,0,6.5,1009,10.1,WNW
Kuala Lumpur,Kuala Lumpur,Malaysia,Asia/Kuala_Lumpur,2024-10-23 19:39:00.000,2024,10,23,19,39,Night,Clear,27,78,30,0,6.5,1009,10.1,WNW
Kuala Lumpur,Kuala Lumpur,Malaysia,Asia/Kuala_Lumpur,2024-10-23 19:59:00.000,2024,10,23,19,59,Night,Clear,27,78,30,0,6.5,1009,10.1,WNW
Kuala Lumpur,Kuala Lumpur,Malaysia,Asia/Kuala_Lumpur,2024-10-23 20:20:00.000,2024,10,23,20,20,Night,Clear,26.5,79,29.3,0,4,1010,6.4,NW
Kuala Lumpur,Kuala Lumpur,Malaysia,Asia/Kuala_Lumpur,2024-10-23 20:40:00.000,2024,10,23,20,40,Night,Clear,26.5,79,29.3,0,4,1010,6.4,NW
Kuala Lumpur,Kuala Lumpur,Malaysia,Asia/Kuala_Lumpur,2024-10-23 21:12:00.000,2024,10,23,21,12,Night,Partly cloudy,28,74,32.4,0,3.6,1009,5.9,N
Kuala Lumpur,Kuala Lumpur,Malaysia,Asia/Kuala_Lumpur,2024-10-23 21:19:00.000,2024,10,23,21,19,Night,Clear,26.3,80,29,0,3.6,1011,5.9,N
Kuala Lumpur,Kuala Lumpur,Malaysia,Asia/Kuala_Lumpur,2024-10-23 21:40:00.000,2024,10,23,21,40,Night,Clear,26.3,80,29,0,3.6,1011,5.9,N
Kuala Lumpur,Kuala Lumpur,Malaysia,Asia/Kuala_Lumpur,2024-10-23 21:59:00.000,2024,10,23,21,59,Night,Clear,26.3,80,29,0,3.6,1011,5.9,N
Kuala Lumpur,Kuala Lumpur,Malaysia,Asia/Kuala_Lumpur,2024-10-23 22:19:00.000,2024,10,23,22,19,Night,Patchy rain nearby,25.9,81,28.5,0.79,3.6,1011,5.6,N
Kuala Lumpur,Kuala Lumpur,Malaysia,Asia/Kuala_Lumpur,2024-10-23 22:39:00.000,2024,10,23,22,39,Night,Patchy rain nearby,25.9,81,28.5,0.79,3.6,1011,5.6,N
Kuala Lumpur,Kuala Lumpur,Malaysia,Asia/Kuala_Lumpur,2024-10-23 23:00:00.000,2024,10,23,23,0,Night,Partly cloudy,27,89,30.6,0,3.6,1011,5,NNW
Kuala Lumpur,Kuala Lumpur,Malaysia,Asia/Kuala_Lumpur,2024-10-23 23:20:00.000,2024,10,23,23,20,Night,Partly cloudy,27,89,30.6,0,3.6,1011,5,NNW
Kuala Lumpur,Kuala Lumpur,Malaysia,Asia/Kuala_Lumpur,2024-10-23 23:39:00.000,2024,10,23,23,39,Night,Partly cloudy,27.1,89,30.8,0,3.6,1011,5,NNW
Kuala Lumpur,Kuala Lumpur,Malaysia,Asia/Kuala_Lumpur,2024-10-23 23:59:00.000,2024,10,23,23,59,Night,Partly cloudy,27.3,84,31.2,0,3.6,1011,5,NNW
Kuala Lumpur,Kuala Lumpur,Malaysia,Asia/Kuala_Lumpur,2024-10-24 00:19:00.000,2024,10,24,0,19,Night,Partly cloudy,26,94,28.9,0.02,3.6,1010,4.4,N
Kuala Lumpur,Kuala Lumpur,Malaysia,Asia/Kuala_Lumpur,2024-10-24 00:39:00.000,2024,10,24,0,39,Night,Partly cloudy,26.1,94,29.1,0.02,3.6,1010,4.4,N
Kuala Lumpur,Kuala Lumpur,Malaysia,Asia/Kuala_Lumpur,2024-10-24 01:00:00.000,2024,10,24,1,0,Night,Partly cloudy,26.2,94,29.3,0.02,3.6,1010,4.4,N
Kuala Lumpur,Kuala Lumpur,Malaysia,Asia/Kuala_Lumpur,2024-10-24 01:19:00.000,2024,10,24,1,19,Night,Partly cloudy,26.1,94,29.1,0.02,3.6,1010,4.4,N
Kuala Lumpur,Kuala Lumpur,Malaysia,Asia/Kuala_Lumpur,2024-10-24 01:39:00.000,2024,10,24,1,39,Night,Partly cloudy,26.3,94,29.5,0.02,3.6,1010,4.4,N
Kuala Lumpur,Kuala Lumpur,Malaysia,Asia/Kuala_Lumpur,2024-10-24 01:59:00.000,2024,10,24,1,59,Night,Partly cloudy,27,89,30.8,0.02,3.6,1010,4.4,N
Kuala Lumpur,Kuala Lumpur,Malaysia,Asia/Kuala_Lumpur,2024-10-24 02:19:00.000,2024,10,24,2,19,Night,Patchy rain nearby,25.1,85,27.6,0.07,3.6,1011,5,N
Kuala Lumpur,Kuala Lumpur,Malaysia,Asia/Kuala_Lumpur,2024-10-24 02:39:00.000,2024,10,24,2,39,Night,Patchy rain nearby,25.1,85,27.6,0.07,3.6,1011,5,N
Kuala Lumpur,Kuala Lumpur,Malaysia,Asia/Kuala_Lumpur,2024-10-24 03:00:00.000,2024,10,24,3,0,Night,Patchy rain nearby,24.7,86,27,0.05,3.6,1010,3.9,N
Kuala Lumpur,Kuala Lumpur,Malaysia,Asia/Kuala_Lumpur,2024-10-24 03:20:00.000,2024,10,24,3,20,Night,Patchy rain nearby,24.7,86,27,0.05,3.6,1010,3.9,N
Kuala Lumpur,Kuala Lumpur,Malaysia,Asia/Kuala_Lumpur,2024-10-24 03:40:00.000,2024,10,24,3,40,Night,Patchy rain nearby,24.7,86,27,0.05,3.6,1010,3.9,N
Kuala Lumpur,Kuala Lumpur,Malaysia,Asia/Kuala_Lumpur,2024-10-24 03:59:00.000,2024,10,24,3,59,Night,Patchy rain nearby,24.7,86,27,0.05,3.6,1010,3.9,N
Kuala Lumpur,Kuala Lumpur,Malaysia,Asia/Kuala_Lumpur,2024-10-24 04:20:00.000,2024,10,24,4,20,Night,Patchy rain nearby,24.5,87,26.8,0.04,3.6,1010,10.8,N
Kuala Lumpur,Kuala Lumpur,Malaysia,Asia/Kuala_Lumpur,2024-10-24 04:39:00.000,2024,10,24,4,39,Night,Patchy rain nearby,24.5,87,26.8,0.04,3.6,1010,10.8,N
Kuala Lumpur,Kuala Lumpur,Malaysia,Asia/Kuala_Lumpur,2024-10-24 04:59:00.000,2024,10,24,4,59,Night,Patchy rain nearby,24.5,87,26.8,0.04,3.6,1010,10.8,N
Kuala Lumpur,Kuala Lumpur,Malaysia,Asia/Kuala_Lumpur,2024-10-24 05:19:00.000,2024,10,24,5,19,Night,Clear,24.2,88,26.5,0,3.6,1010,10.8,N
Kuala Lumpur,Kuala Lumpur,Malaysia,Asia/Kuala_Lumpur,2024-10-24 05:39:00.000,2024,10,24,5,39,Night,Clear,24.2,88,26.5,0,3.6,1010,10.8,N
Kuala Lumpur,Kuala Lumpur,Malaysia,Asia/Kuala_Lumpur,2024-10-24 05:59:00.000,2024,10,24,5,59,Night,Clear,24.2,88,26.5,0,3.6,1010,10.8,N
Kuala Lumpur,Kuala Lumpur,Malaysia,Asia/Kuala_Lumpur,2024-10-24 06:19:00.000,2024,10,24,6,19,Night,Clear,24.1,88,26.4,0,3.6,1010,3.8,N
Kuala Lumpur,Kuala Lumpur,Malaysia,Asia/Kuala_Lumpur,2024-10-24 06:39:00.000,2024,10,24,6,39,Night,Clear,24.1,88,26.4,0,3.6,1010,3.8,N
Kuala Lumpur,Kuala Lumpur,Malaysia,Asia/Kuala_Lumpur,2024-10-24 06:59:00.000,2024,10,24,6,59,Day,Clear,24.1,88,26.4,0,3.6,1010,3.8,N
Kuala Lumpur,Kuala Lumpur,Malaysia,Asia/Kuala_Lumpur,2024-10-24 07:19:00.000,2024,10,24,7,19,Day,Partly Cloudy,24.1,89,26.5,0,3.6,1011,4.3,NNE
Kuala Lumpur,Kuala Lumpur,Malaysia,Asia/Kuala_Lumpur,2024-10-24 07:39:00.000,2024,10,24,7,39,Day,Partly Cloudy,24.1,89,26.5,0,3.6,1011,4.3,NNE
Kuala Lumpur,Kuala Lumpur,Malaysia,Asia/Kuala_Lumpur,2024-10-24 08:00:00.000,2024,10,24,8,0,Day,Partly cloudy,27,84,30.8,0,3.6,1010,10.8,NNE
Kuala Lumpur,Kuala Lumpur,Malaysia,Asia/Kuala_Lumpur,2024-10-24 08:19:00.000,2024,10,24,8,19,Day,Partly Cloudy,25.3,85,27.9,0,3.6,1011,10.8,NNE
Kuala Lumpur,Kuala Lumpur,Malaysia,Asia/Kuala_Lumpur,2024-10-24 08:39:00.000,2024,10,24,8,39,Day,Partly Cloudy,25.3,85,27.9,0,3.6,1011,10.8,NNE
Kuala Lumpur,Kuala Lumpur,Malaysia,Asia/Kuala_Lumpur,2024-10-24 08:59:00.000,2024,10,24,8,59,Day,Partly Cloudy,25.3,85,27.9,0,3.6,1011,10.8,NNE
Kuala Lumpur,Kuala Lumpur,Malaysia,Asia/Kuala_Lumpur,2024-10-24 09:19:00.000,2024,10,24,9,19,Day,Sunny,26.9,79,30,0,3.6,1012,10.8,NNW
Kuala Lumpur,Kuala Lumpur,Malaysia,Asia/Kuala_Lumpur,2024-10-24 09:40:00.000,2024,10,24,9,40,Day,Sunny,26.9,79,30,0,3.6,1012,10.8,NNW
Kuala Lumpur,Kuala Lumpur,Malaysia,Asia/Kuala_Lumpur,2024-10-24 09:59:00.000,2024,10,24,9,59,Day,Sunny,26.9,79,30,0,3.6,1012,10.8,NNW
Kuala Lumpur,Kuala Lumpur,Malaysia,Asia/Kuala_Lumpur,2024-10-24 10:19:00.000,2024,10,24,10,19,Day,Partly cloudy,30.2,75,35.7,0,3.6,1012,4.1,WNW
Kuala Lumpur,Kuala Lumpur,Malaysia,Asia/Kuala_Lumpur,2024-10-24 10:40:00.000,2024,10,24,10,40,Day,Partly cloudy,30.3,75,36,0,3.6,1012,4.1,WNW
Kuala Lumpur,Kuala Lumpur,Malaysia,Asia/Kuala_Lumpur,2024-10-24 11:00:00.000,2024,10,24,11,0,Day,Partly cloudy,30.2,75,35.7,0,3.6,1012,4.1,WNW
Kuala Lumpur,Kuala Lumpur,Malaysia,Asia/Kuala_Lumpur,2024-10-24 11:19:00.000,2024,10,24,11,19,Day,Partly cloudy,30.4,75,34,0,5.8,1012,6.6,WNW
Kuala Lumpur,Kuala Lumpur,Malaysia,Asia/Kuala_Lumpur,2024-10-24 11:44:00.000,2024,10,24,11,44,Day,Partly cloudy,32.1,63,37.6,0,5.8,1012,6.6,WNW
Kuala Lumpur,Kuala Lumpur,Malaysia,Asia/Kuala_Lumpur,2024-10-24 12:00:00.000,2024,10,24,12,0,Day,Partly cloudy,32.1,63,35.3,0,8.3,1012,9.5,W
Kuala Lumpur,Kuala Lumpur,Malaysia,Asia/Kuala_Lumpur,2024-10-24 12:19:00.000,2024,10,24,12,19,Day,Partly cloudy,33.4,56,38,0,8.3,1011,9.5,W
Kuala Lumpur,Kuala Lumpur,Malaysia,Asia/Kuala_Lumpur,2024-10-24 12:39:00.000,2024,10,24,12,39,Day,Partly cloudy,33.4,56,38,0,8.3,1011,9.5,W
Kuala Lumpur,Kuala Lumpur,Malaysia,Asia/Kuala_Lumpur,2024-10-24 13:00:00.000,2024,10,24,13,0,Day,Partly cloudy,33.1,56,37.4,0,8.3,1011,9.5,W
Kuala Lumpur,Kuala Lumpur,Malaysia,Asia/Kuala_Lumpur,2024-10-24 13:19:00.000,2024,10,24,13,19,Day,Partly cloudy,33.2,56,36.4,0,10.1,1010,11.6,WNW
Kuala Lumpur,Kuala Lumpur,Malaysia,Asia/Kuala_Lumpur,2024-10-24 13:40:00.000,2024,10,24,13,40,Day,Partly cloudy,33.2,56,36.4,0,10.1,1010,11.6,WNW
Kuala Lumpur,Kuala Lumpur,Malaysia,Asia/Kuala_Lumpur,2024-10-24 14:00:00.000,2024,10,24,14,0,Day,Partly cloudy,33.2,56,36.4,0,10.1,1010,11.6,WNW
Kuala Lumpur,Kuala Lumpur,Malaysia,Asia/Kuala_Lumpur,2024-10-24 14:20:00.000,2024,10,24,14,20,Day,Partly cloudy,33,59,35.6,0,11.9,1009,13.7,WNW
Kuala Lumpur,Kuala Lumpur,Malaysia,Asia/Kuala_Lumpur,2024-10-24 14:39:00.000,2024,10,24,14,39,Day,Partly cloudy,33.2,59,36,0,11.9,1009,13.7,WNW
Kuala Lumpur,Kuala Lumpur,Malaysia,Asia/Kuala_Lumpur,2024-10-24 14:59:00.000,2024,10,24,14,59,Day,Partly cloudy,33.1,59,35.8,0,11.9,1009,13.7,WNW
Kuala Lumpur,Kuala Lumpur,Malaysia,Asia/Kuala_Lumpur,2024-10-24 15:20:00.000,2024,10,24,15,20,Day,Partly cloudy,33,59,35.8,0,13.7,1008,15.7,WNW
Kuala Lumpur,Kuala Lumpur,Malaysia,Asia/Kuala_Lumpur,2024-10-24 15:39:00.000,2024,10,24,15,39,Day,Partly cloudy,33.3,59,36.4,0,13.7,1008,15.7,WNW
Kuala Lumpur,Kuala Lumpur,Malaysia,Asia/Kuala_Lumpur,2024-10-24 15:59:00.000,2024,10,24,15,59,Day,Partly cloudy,33.1,59,36,0,13.7,1008,15.7,WNW
Kuala Lumpur,Kuala Lumpur,Malaysia,Asia/Kuala_Lumpur,2024-10-24 16:20:00.000,2024,10,24,16,20,Day,Partly cloudy,32.2,67,35.4,0.01,14.8,1008,17,W
Kuala Lumpur,Kuala Lumpur,Malaysia,Asia/Kuala_Lumpur,2024-10-24 16:40:00.000,2024,10,24,16,40,Day,Partly cloudy,32.1,67,35.2,0.01,14.8,1008,17,W
Kuala Lumpur,Kuala Lumpur,Malaysia,Asia/Kuala_Lumpur,2024-10-24 16:59:00.000,2024,10,24,16,59,Day,Partly cloudy,32.3,67,35.6,0.01,14.8,1008,17,W
Kuala Lumpur,Kuala Lumpur,Malaysia,Asia/Kuala_Lumpur,2024-10-24 17:19:00.000,2024,10,24,17,19,Day,Partly cloudy,31.4,71,36.2,0.08,14,1008,16.2,W
Kuala Lumpur,Kuala Lumpur,Malaysia,Asia/Kuala_Lumpur,2024-10-24 17:40:00.000,2024,10,24,17,40,Day,Partly cloudy,31.2,71,35.8,0.08,14,1008,16.2,W
Kuala Lumpur,Kuala Lumpur,Malaysia,Asia/Kuala_Lumpur,2024-10-24 17:59:00.000,2024,10,24,17,59,Day,Partly cloudy,31.3,71,36,0.08,14,1008,16.2,W
Kuala Lumpur,Kuala Lumpur,Malaysia,Asia/Kuala_Lumpur,2024-10-24 18:20:00.000,2024,10,24,18,20,Day,Partly cloudy,30.3,75,36.1,0.2,11.5,1008,14.7,W
Kuala Lumpur,Kuala Lumpur,Malaysia,Asia/Kuala_Lumpur,2024-10-24 18:40:00.000,2024,10,24,18,40,Day,Partly cloudy,30.2,75,35.9,0.2,11.5,1008,14.7,W
Kuala Lumpur,Kuala Lumpur,Malaysia,Asia/Kuala_Lumpur,2024-10-24 19:00:00.000,2024,10,24,19,0,Night,Patchy rain nearby,26.9,80,30,0.14,7.2,1009,11.1,W
Kuala Lumpur,Kuala Lumpur,Malaysia,Asia/Kuala_Lumpur,2024-10-24 19:25:00.000,2024,10,24,19,25,Night,Patchy rain nearby,26.9,80,30,0.14,7.2,1009,11.1,W
Kuala Lumpur,Kuala Lumpur,Malaysia,Asia/Kuala_Lumpur,2024-10-24 19:40:00.000,2024,10,24,19,40,Night,Patchy rain nearby,26.9,80,30,0.14,7.2,1009,11.1,W
Kuala Lumpur,Kuala Lumpur,Malaysia,Asia/Kuala_Lumpur,2024-10-24 20:00:00.000,2024,10,24,20,0,Night,Patchy rain nearby,26.9,80,30,0.14,7.2,1009,11.1,W
Kuala Lumpur,Kuala Lumpur,Malaysia,Asia/Kuala_Lumpur,2024-10-24 20:19:00.000,2024,10,24,20,19,Night,Patchy rain nearby,26.3,83,29.3,0.53,5,1010,8.1,NW
Kuala Lumpur,Kuala Lumpur,Malaysia,Asia/Kuala_Lumpur,2024-10-24 20:40:00.000,2024,10,24,20,40,Night,Patchy rain nearby,26.3,83,29.3,0.53,5,1010,8.1,NW
Kuala Lumpur,Kuala Lumpur,Malaysia,Asia/Kuala_Lumpur,2024-10-24 20:59:00.000,2024,10,24,20,59,Night,Patchy rain nearby,26.3,83,29.3,0.53,5,1010,8.1,NW
Kuala Lumpur,Kuala Lumpur,Malaysia,Asia/Kuala_Lumpur,2024-10-24 21:20:00.000,2024,10,24,21,20,Night,Patchy rain nearby,26.1,84,29.1,0.01,4.7,1011,7.5,NW
Kuala Lumpur,Kuala Lumpur,Malaysia,Asia/Kuala_Lumpur,2024-10-24 21:40:00.000,2024,10,24,21,40,Night,Patchy rain nearby,26.1,84,29.1,0.01,4.7,1011,7.5,NW
Kuala Lumpur,Kuala Lumpur,Malaysia,Asia/Kuala_Lumpur,2024-10-24 22:05:00.000,2024,10,24,22,5,Night,Patchy rain nearby,26,85,29,0.03,5.8,1011,9.1,NNW
Kuala Lumpur,Kuala Lumpur,Malaysia,Asia/Kuala_Lumpur,2024-10-24 22:20:00.000,2024,10,24,22,20,Night,Patchy rain nearby,26,85,29,0.03,5.8,1011,9.1,NNW
Kuala Lumpur,Kuala Lumpur,Malaysia,Asia/Kuala_Lumpur,2024-10-24 22:40:00.000,2024,10,24,22,40,Night,Patchy rain nearby,26,85,29,0.03,5.8,1011,9.1,NNW
Kuala Lumpur,Kuala Lumpur,Malaysia,Asia/Kuala_Lumpur,2024-10-24 23:00:00.000,2024,10,24,23,0,Night,Clear,25.7,86,28.6,0,4.7,1012,7.5,NNW
Kuala Lumpur,Kuala Lumpur,Malaysia,Asia/Kuala_Lumpur,2024-10-24 23:20:00.000,2024,10,24,23,20,Night,Partly cloudy,27.1,89,31.2,0,4.7,1011,7.5,NNW
Kuala Lumpur,Kuala Lumpur,Malaysia,Asia/Kuala_Lumpur,2024-10-24 23:40:00.000,2024,10,24,23,40,Night,Partly cloudy,27.2,89,31.5,0,4.7,1011,7.5,NNW
Kuala Lumpur,Kuala Lumpur,Malaysia,Asia/Kuala_Lumpur,2024-10-25 00:00:00.000,2024,10,25,0,0,Night,Patchy rain nearby,25.1,87,27.7,0.02,4.3,1011,7.1,NW
Kuala Lumpur,Kuala Lumpur,Malaysia,Asia/Kuala_Lumpur,2024-10-25 00:20:00.000,2024,10,25,0,20,Night,Patchy rain nearby,25.1,87,27.7,0.02,4.3,1011,7.1,NW
Kuala Lumpur,Kuala Lumpur,Malaysia,Asia/Kuala_Lumpur,2024-10-25 00:40:00.000,2024,10,25,0,40,Night,Patchy rain nearby,25.1,87,27.7,0.02,4.3,1011,7.1,NW
Kuala Lumpur,Kuala Lumpur,Malaysia,Asia/Kuala_Lumpur,2024-10-25 01:00:00.000,2024,10,25,1,0,Night,Patchy rain nearby,25.1,87,27.7,0.02,4.3,1011,7.1,NW
Kuala Lumpur,Kuala Lumpur,Malaysia,Asia/Kuala_Lumpur,2024-10-25 01:20:00.000,2024,10,25,1,20,Night,Patchy rain nearby,25.1,87,27.7,0.02,4.3,1011,7.1,NW
Kuala Lumpur,Kuala Lumpur,Malaysia,Asia/Kuala_Lumpur,2024-10-25 01:40:00.000,2024,10,25,1,40,Night,Patchy rain nearby,25.1,87,27.7,0.02,4.3,1011,7.1,NW
Kuala Lumpur,Kuala Lumpur,Malaysia,Asia/Kuala_Lumpur,2024-10-25 02:00:00.000,2024,10,25,2,0,Night,Patchy rain nearby,24.8,88,27.4,0.03,4,1010,6.3,NW
Kuala Lumpur,Kuala Lumpur,Malaysia,Asia/Kuala_Lumpur,2024-10-25 02:20:00.000,2024,10,25,2,20,Night,Patchy rain nearby,24.8,88,27.4,0.03,4,1010,6.3,NW
Kuala Lumpur,Kuala Lumpur,Malaysia,Asia/Kuala_Lumpur,2024-10-25 02:40:00.000,2024,10,25,2,40,Night,Patchy rain nearby,24.8,88,27.4,0.03,4,1010,6.3,NW
Kuala Lumpur,Kuala Lumpur,Malaysia,Asia/Kuala_Lumpur,2024-10-25 03:00:00.000,2024,10,25,3,0,Night,Clear,24.5,90,27,0,4.3,1010,6.8,NW
Kuala Lumpur,Kuala Lumpur,Malaysia,Asia/Kuala_Lumpur,2024-10-25 03:20:00.000,2024,10,25,3,20,Night,Clear,24.5,90,27,0,4.3,1010,6.8,NW
Kuala Lumpur,Kuala Lumpur,Malaysia,Asia/Kuala_Lumpur,2024-10-25 03:40:00.000,2024,10,25,3,40,Night,Clear,24.5,90,27,0,4.3,1010,6.8,NW
Kuala Lumpur,Kuala Lumpur,Malaysia,Asia/Kuala_Lumpur,2024-10-25 04:00:00.000,2024,10,25,4,0,Night,Partly Cloudy,24.3,91,26.8,0,3.6,1009,5,NW
Kuala Lumpur,Kuala Lumpur,Malaysia,Asia/Kuala_Lumpur,2024-10-25 04:20:00.000,2024,10,25,4,20,Night,Partly Cloudy,24.3,91,26.8,0,3.6,1009,5,NW
Kuala Lumpur,Kuala Lumpur,Malaysia,Asia/Kuala_Lumpur,2024-10-25 04:40:00.000,2024,10,25,4,40,Night,Partly Cloudy,24.3,91,26.8,0,3.6,1009,5,NW
Kuala Lumpur,Kuala Lumpur,Malaysia,Asia/Kuala_Lumpur,2024-10-25 05:00:00.000,2024,10,25,5,0,Night,Patchy rain nearby,24,92,26.4,0.02,3.6,1010,5.8,NW
Kuala Lumpur,Kuala Lumpur,Malaysia,Asia/Kuala_Lumpur,2024-10-25 05:20:00.000,2024,10,25,5,20,Night,Patchy rain nearby,24,92,26.4,0.02,3.6,1010,5.8,NW
Kuala Lumpur,Kuala Lumpur,Malaysia,Asia/Kuala_Lumpur,2024-10-25 05:40:00.000,2024,10,25,5,40,Night,Patchy rain nearby,24,92,26.4,0.02,3.6,1010,5.8,NW
Kuala Lumpur,Kuala Lumpur,Malaysia,Asia/Kuala_Lumpur,2024-10-25 06:00:00.000,2024,10,25,6,0,Night,Partly Cloudy,23.8,92,26.2,0,3.6,1010,5.3,NNW
Kuala Lumpur,Kuala Lumpur,Malaysia,Asia/Kuala_Lumpur,2024-10-25 06:20:00.000,2024,10,25,6,20,Night,Partly Cloudy,23.8,92,26.2,0,3.6,1010,5.3,NNW
Kuala Lumpur,Kuala Lumpur,Malaysia,Asia/Kuala_Lumpur,2024-10-25 06:40:00.000,2024,10,25,6,40,Night,Partly Cloudy,23.8,92,26.2,0,3.6,1010,5.3,NNW
Kuala Lumpur,Kuala Lumpur,Malaysia,Asia/Kuala_Lumpur,2024-10-25 07:00:00.000,2024,10,25,7,0,Day,Patchy rain nearby,23.8,93,26.2,0.04,3.6,1010,4.1,NW
Kuala Lumpur,Kuala Lumpur,Malaysia,Asia/Kuala_Lumpur,2024-10-25 07:20:00.000,2024,10,25,7,20,Day,Patchy rain nearby,23.8,93,26.2,0.04,3.6,1010,4.1,NW
Kuala Lumpur,Kuala Lumpur,Malaysia,Asia/Kuala_Lumpur,2024-10-25 07:40:00.000,2024,10,25,7,40,Day,Patchy rain nearby,23.8,93,26.2,0.04,3.6,1010,4.1,NW
Kuala Lumpur,Kuala Lumpur,Malaysia,Asia/Kuala_Lumpur,2024-10-25 08:00:00.000,2024,10,25,8,0,Day,Patchy rain nearby,23.8,93,26.2,0.04,3.6,1010,4.1,NW
Kuala Lumpur,Kuala Lumpur,Malaysia,Asia/Kuala_Lumpur,2024-10-25 08:20:00.000,2024,10,25,8,20,Day,Partly cloudy,27.2,84,31.5,0.03,3.6,1010,3.8,NW
Kuala Lumpur,Kuala Lumpur,Malaysia,Asia/Kuala_Lumpur,2024-10-25 08:40:00.000,2024,10,25,8,40,Day,Partly cloudy,27.2,84,31.5,0.03,3.6,1010,3.8,NW
Kuala Lumpur,Kuala Lumpur,Malaysia,Asia/Kuala_Lumpur,2024-10-25 09:00:00.000,2024,10,25,9,0,Day,Patchy rain nearby,27.2,76,30.2,0.01,7.9,1012,9.1,NW
Kuala Lumpur,Kuala Lumpur,Malaysia,Asia/Kuala_Lumpur,2024-10-25 09:20:00.000,2024,10,25,9,20,Day,Partly cloudy,29.1,79,34.2,0.01,7.9,1011,9.1,NW
Kuala Lumpur,Kuala Lumpur,Malaysia,Asia/Kuala_Lumpur,2024-10-25 09:40:00.000,2024,10,25,9,40,Day,Patchy rain nearby,27.2,76,30.2,0.01,7.9,1012,9.1,NW
Kuala Lumpur,Kuala Lumpur,Malaysia,Asia/Kuala_Lumpur,2024-10-25 10:00:00.000,2024,10,25,10,0,Day,Partly cloudy,29.1,79,32.7,0.06,10.8,1011,12.4,WNW
Kuala Lumpur,Kuala Lumpur,Malaysia,Asia/Kuala_Lumpur,2024-10-25 10:20:00.000,2024,10,25,10,20,Day,Patchy rain nearby,29,68,32.4,0.06,10.8,1012,12.4,WNW
Kuala Lumpur,Kuala Lumpur,Malaysia,Asia/Kuala_Lumpur,2024-10-25 10:40:00.000,2024,10,25,10,40,Day,Patchy rain nearby,29,68,32.4,0.06,10.8,1012,12.4,WNW
Kuala Lumpur,Kuala Lumpur,Malaysia,Asia/Kuala_Lumpur,2024-10-25 11:00:00.000,2024,10,25,11,0,Day,Partly cloudy,31.3,66,35.9,0.03,13.3,1012,15.5,WNW
Kuala Lumpur,Kuala Lumpur,Malaysia,Asia/Kuala_Lumpur,2024-10-25 11:20:00.000,2024,10,25,11,20,Day,Partly cloudy,32.2,63,37.9,0.03,13.3,1012,15.5,WNW
Kuala Lumpur,Kuala Lumpur,Malaysia,Asia/Kuala_Lumpur,2024-10-25 11:40:00.000,2024,10,25,11,40,Day,Partly cloudy,32.4,63,38.4,0.03,13.3,1012,15.5,WNW
Kuala Lumpur,Kuala Lumpur,Malaysia,Asia/Kuala_Lumpur,2024-10-25 12:00:00.000,2024,10,25,12,0,Day,Partly cloudy,32.4,59,37.2,0.14,14.4,1012,16.6,WNW
Kuala Lumpur,Kuala Lumpur,Malaysia,Asia/Kuala_Lumpur,2024-10-25 12:20:00.000,2024,10,25,12,20,Day,Partly cloudy,31.3,75,34.9,0.14,14.4,1011,16.6,WNW
Kuala Lumpur,Kuala Lumpur,Malaysia,Asia/Kuala_Lumpur,2024-10-25 12:40:00.000,2024,10,25,12,40,Day,Partly cloudy,31.2,75,34.7,0.14,14.4,1011,16.6,WNW
Kuala Lumpur,Kuala Lumpur,Malaysia,Asia/Kuala_Lumpur,2024-10-25 13:00:00.000,2024,10,25,13,0,Day,Partly cloudy,31.3,75,34.9,0.14,14.4,1011,16.6,WNW
Kuala Lumpur,Kuala Lumpur,Malaysia,Asia/Kuala_Lumpur,2024-10-25 13:20:00.000,2024,10,25,13,20,Day,Partly cloudy,31,71,34.1,0.25,15.5,1010,18.9,WNW
Kuala Lumpur,Kuala Lumpur,Malaysia,Asia/Kuala_Lumpur,2024-10-25 13:40:00.000,2024,10,25,13,40,Day,Partly cloudy,31.3,71,34.6,0.25,15.5,1010,18.9,WNW
Kuala Lumpur,Kuala Lumpur,Malaysia,Asia/Kuala_Lumpur,2024-10-25 14:05:00.000,2024,10,25,14,5,Day,Partly cloudy,31.2,71,35.1,0.13,16.6,1010,19,WNW
Kuala Lumpur,Kuala Lumpur,Malaysia,Asia/Kuala_Lumpur,2024-10-25 14:20:00.000,2024,10,25,14,20,Day,Patchy rain nearby,31.4,58,35.6,0.13,16.6,1009,19,WNW
Kuala Lumpur,Kuala Lumpur,Malaysia,Asia/Kuala_Lumpur,2024-10-25 14:40:00.000,2024,10,25,14,40,Day,Patchy rain nearby,31.4,58,35.6,0.13,16.6,1009,19,WNW
Kuala Lumpur,Kuala Lumpur,Malaysia,Asia/Kuala_Lumpur,2024-10-25 15:00:00.000,2024,10,25,15,0,Day,Patchy rain nearby,31.4,58,35.6,0.13,16.6,1009,19,WNW
Kuala Lumpur,Kuala Lumpur,Malaysia,Asia/Kuala_Lumpur,2024-10-25 15:20:00.000,2024,10,25,15,20,Day,Patchy rain nearby,30.7,62,34.9,0.54,16.6,1009,20.2,WNW
Kuala Lumpur,Kuala Lumpur,Malaysia,Asia/Kuala_Lumpur,2024-10-25 15:40:00.000,2024,10,25,15,40,Day,Patchy rain nearby,30.7,62,34.9,0.54,16.6,1009,20.2,WNW
Kuala Lumpur,Kuala Lumpur,Malaysia,Asia/Kuala_Lumpur,2024-10-25 16:00:00.000,2024,10,25,16,0,Day,Thundery outbreaks possible,28.1,79,31.1,0.44,14.4,1008,16.6,WNW
Kuala Lumpur,Kuala Lumpur,Malaysia,Asia/Kuala_Lumpur,2024-10-25 16:20:00.000,2024,10,25,16,20,Day,Partly cloudy,27.1,89,29.4,0.44,14.4,1009,16.6,WNW
Kuala Lumpur,Kuala Lumpur,Malaysia,Asia/Kuala_Lumpur,2024-10-25 16:40:00.000,2024,10,25,16,40,Day,Partly cloudy,27.3,89,29.7,0.44,14.4,1009,16.6,WNW
Kuala Lumpur,Kuala Lumpur,Malaysia,Asia/Kuala_Lumpur,2024-10-25 17:00:00.000,2024,10,25,17,0,Day,Partly cloudy,27.2,89,29.6,0.44,14.4,1009,16.6,WNW
Kuala Lumpur,Kuala Lumpur,Malaysia,Asia/Kuala_Lumpur,2024-10-25 17:20:00.000,2024,10,25,17,20,Day,Partly cloudy,29.3,79,34.9,0.04,11.2,1008,16.1,WNW
Kuala Lumpur,Kuala Lumpur,Malaysia,Asia/Kuala_Lumpur,2024-10-25 17:40:00.000,2024,10,25,17,40,Day,Partly cloudy,27.1,84,30.2,0.04,11.2,1008,16.1,WNW
Kuala Lumpur,Kuala Lumpur,Malaysia,Asia/Kuala_Lumpur,2024-10-25 18:00:00.000,2024,10,25,18,0,Day,Partly cloudy,27.2,84,30.8,0,9,1008,12.5,NW
Kuala Lumpur,Kuala Lumpur,Malaysia,Asia/Kuala_Lumpur,2024-10-25 18:20:00.000,2024,10,25,18,20,Day,Partly cloudy,28.1,84,32.7,0,9,1009,12.5,NW
Kuala Lumpur,Kuala Lumpur,Malaysia,Asia/Kuala_Lumpur,2024-10-25 18:40:00.000,2024,10,25,18,40,Day,Partly cloudy,28.2,84,32.9,0,9,1009,12.5,NW
Kuala Lumpur,Kuala Lumpur,Malaysia,Asia/Kuala_Lumpur,2024-10-25 19:00:00.000,2024,10,25,19,0,Night,Partly cloudy,28.3,84,33.1,0,9,1009,12.5,NW
Kuala Lumpur,Kuala Lumpur,Malaysia,Asia/Kuala_Lumpur,2024-10-25 19:20:00.000,2024,10,25,19,20,Night,Partly cloudy,28.2,79,33.1,0,7.2,1010,10.8,NW
Kuala Lumpur,Kuala Lumpur,Malaysia,Asia/Kuala_Lumpur,2024-10-25 19:40:00.000,2024,10,25,19,40,Night,Partly cloudy,28.1,79,32.9,0,7.2,1010,10.8,NW
Kuala Lumpur,Kuala Lumpur,Malaysia,Asia/Kuala_Lumpur,2024-10-25 20:00:00.000,2024,10,25,20,0,Night,Partly cloudy,28.1,79,32.9,0,7.2,1010,10.8,NW
Kuala Lumpur,Kuala Lumpur,Malaysia,Asia/Kuala_Lumpur,2024-10-25 20:20:00.000,2024,10,25,20,20,Night,Partly Cloudy,25.9,82,28.6,0,6.8,1010,10.7,NW
Kuala Lumpur,Kuala Lumpur,Malaysia,Asia/Kuala_Lumpur,2024-10-25 20:40:00.000,2024,10,25,20,40,Night,Partly Cloudy,25.9,82,28.6,0,6.8,1010,10.7,NW
Kuala Lumpur,Kuala Lumpur,Malaysia,Asia/Kuala_Lumpur,2024-10-25 21:00:00.000,2024,10,25,21,0,Night,Partly cloudy,27.4,84,31.4,0,5.8,1010,9.4,NW
Kuala Lumpur,Kuala Lumpur,Malaysia,Asia/Kuala_Lumpur,2024-10-25 21:25:00.000,2024,10,25,21,25,Night,Partly cloudy,27.1,84,30.8,0,5.8,1011,9.4,NW
Kuala Lumpur,Kuala Lumpur,Malaysia,Asia/Kuala_Lumpur,2024-10-25 21:40:00.000,2024,10,25,21,40,Night,Partly cloudy,27.1,84,30.8,0,5.8,1011,9.4,NW
Kuala Lumpur,Kuala Lumpur,Malaysia,Asia/Kuala_Lumpur,2024-10-25 22:25:00.000,2024,10,25,22,25,Night,Partly Cloudy,25,83,27.3,0,4.3,1012,7.5,NNW
Kuala Lumpur,Kuala Lumpur,Malaysia,Asia/Kuala_Lumpur,2024-10-25 22:40:00.000,2024,10,25,22,40,Night,Partly Cloudy,25,83,27.3,0,4.3,1012,7.5,NNW
Kuala Lumpur,Kuala Lumpur,Malaysia,Asia/Kuala_Lumpur,2024-10-25 23:00:00.000,2024,10,25,23,0,Night,Partly Cloudy,24.6,85,26.8,0,4.3,1012,7.6,NW
Kuala Lumpur,Kuala Lumpur,Malaysia,Asia/Kuala_Lumpur,2024-10-25 23:20:00.000,2024,10,25,23,20,Night,Partly Cloudy,24.6,85,26.8,0,4.3,1012,7.6,NW
Kuala Lumpur,Kuala Lumpur,Malaysia,Asia/Kuala_Lumpur,2024-10-25 23:40:00.000,2024,10,25,23,40,Night,Partly Cloudy,24.6,85,26.8,0,4.3,1012,7.6,NW
Kuala Lumpur,Kuala Lumpur,Malaysia,Asia/Kuala_Lumpur,2024-10-26 00:05:00.000,2024,10,26,0,5,Night,Partly Cloudy,23.8,87,25.9,0,3.6,1011,6.4,NNW
Kuala Lumpur,Kuala Lumpur,Malaysia,Asia/Kuala_Lumpur,2024-10-26 00:20:00.000,2024,10,26,0,20,Night,Partly Cloudy,23.8,87,25.9,0,3.6,1011,6.4,NNW
Kuala Lumpur,Kuala Lumpur,Malaysia,Asia/Kuala_Lumpur,2024-10-26 00:40:00.000,2024,10,26,0,40,Night,Partly Cloudy,23.8,87,25.9,0,3.6,1011,6.4,NNW
Kuala Lumpur,Kuala Lumpur,Malaysia,Asia/Kuala_Lumpur,2024-10-26 01:00:00.000,2024,10,26,1,0,Night,Partly Cloudy,23.8,87,25.9,0,3.6,1011,6.4,NNW
Kuala Lumpur,Kuala Lumpur,Malaysia,Asia/Kuala_Lumpur,2024-10-26 01:20:00.000,2024,10,26,1,20,Night,Partly Cloudy,23.8,87,25.9,0,3.6,1011,6.4,NNW
Kuala Lumpur,Kuala Lumpur,Malaysia,Asia/Kuala_Lumpur,2024-10-26 01:40:00.000,2024,10,26,1,40,Night,Partly Cloudy,23.8,87,25.9,0,3.6,1011,6.4,NNW
Kuala Lumpur,Kuala Lumpur,Malaysia,Asia/Kuala_Lumpur,2024-10-26 02:00:00.000,2024,10,26,2,0,Night,Partly cloudy,25.4,94,28.2,0,3.6,1010,6.4,NNW
Kuala Lumpur,Kuala Lumpur,Malaysia,Asia/Kuala_Lumpur,2024-10-26 02:20:00.000,2024,10,26,2,20,Night,Partly cloudy,25.4,94,28.2,0,3.6,1010,5.9,NNW
Kuala Lumpur,Kuala Lumpur,Malaysia,Asia/Kuala_Lumpur,2024-10-26 02:40:00.000,2024,10,26,2,40,Night,Partly cloudy,25.3,94,28.1,0,3.6,1010,5.9,NNW
Kuala Lumpur,Kuala Lumpur,Malaysia,Asia/Kuala_Lumpur,2024-10-26 03:00:00.000,2024,10,26,3,0,Night,Partly cloudy,25,94,27.6,0.01,3.6,1009,3.8,N
Kuala Lumpur,Kuala Lumpur,Malaysia,Asia/Kuala_Lumpur,2024-10-26 03:20:00.000,2024,10,26,3,20,Night,Partly cloudy,25.3,94,28.1,0.01,3.6,1009,3.8,N
Kuala Lumpur,Kuala Lumpur,Malaysia,Asia/Kuala_Lumpur,2024-10-26 03:40:00.000,2024,10,26,3,40,Night,Partly cloudy,25.1,94,27.8,0.01,3.6,1009,3.8,N
Kuala Lumpur,Kuala Lumpur,Malaysia,Asia/Kuala_Lumpur,2024-10-26 04:00:00.000,2024,10,26,4,0,Night,Partly cloudy,25.2,94,28,0.04,3.6,1009,10.8,NW
Kuala Lumpur,Kuala Lumpur,Malaysia,Asia/Kuala_Lumpur,2024-10-26 04:20:00.000,2024,10,26,4,20,Night,Partly cloudy,25.2,94,28,0.04,3.6,1008,10.8,NW
Kuala Lumpur,Kuala Lumpur,Malaysia,Asia/Kuala_Lumpur,2024-10-26 04:40:00.000,2024,10,26,4,40,Night,Partly cloudy,25.3,94,28.1,0.04,3.6,1008,10.8,NW
Kuala Lumpur,Kuala Lumpur,Malaysia,Asia/Kuala_Lumpur,2024-10-26 05:00:00.000,2024,10,26,5,0,Night,Partly cloudy,25.2,94,28,0.07,3.6,1008,3.6,W
Kuala Lumpur,Kuala Lumpur,Malaysia,Asia/Kuala_Lumpur,2024-10-26 05:20:00.000,2024,10,26,5,20,Night,Partly cloudy,25.4,89,28.3,0.07,3.6,1008,3.6,W
Kuala Lumpur,Kuala Lumpur,Malaysia,Asia/Kuala_Lumpur,2024-10-26 05:40:00.000,2024,10,26,5,40,Night,Partly cloudy,25,89,27.7,0.07,3.6,1008,3.6,W
Kuala Lumpur,Kuala Lumpur,Malaysia,Asia/Kuala_Lumpur,2024-10-26 06:00:00.000,2024,10,26,6,0,Night,Partly cloudy,25.1,94,27.8,0.07,3.6,1008,3.6,W
Kuala Lumpur,Kuala Lumpur,Malaysia,Asia/Kuala_Lumpur,2024-10-26 06:20:00.000,2024,10,26,6,20,Night,Partly cloudy,25.2,94,28,0,3.6,1008,3.6,NW
Kuala Lumpur,Kuala Lumpur,Malaysia,Asia/Kuala_Lumpur,2024-10-26 06:40:00.000,2024,10,26,6,40,Night,Partly cloudy,25.4,94,28.3,0,3.6,1008,3.6,NW
Kuala Lumpur,Kuala Lumpur,Malaysia,Asia/Kuala_Lumpur,2024-10-26 07:00:00.000,2024,10,26,7,0,Day,Partly cloudy,25.2,94,28,0,3.6,1009,5.3,NNW
Kuala Lumpur,Kuala Lumpur,Malaysia,Asia/Kuala_Lumpur,2024-10-26 07:20:00.000,2024,10,26,7,20,Day,Partly cloudy,25.2,94,28,0,3.6,1009,5.3,NNW
Kuala Lumpur,Kuala Lumpur,Malaysia,Asia/Kuala_Lumpur,2024-10-26 07:40:00.000,2024,10,26,7,40,Day,Partly cloudy,25.1,94,27.8,0,3.6,1009,5.3,NNW
Kuala Lumpur,Kuala Lumpur,Malaysia,Asia/Kuala_Lumpur,2024-10-26 08:00:00.000,2024,10,26,8,0,Day,Partly cloudy,25.3,94,28.1,0,3.6,1009,5.3,NNW
Kuala Lumpur,Kuala Lumpur,Malaysia,Asia/Kuala_Lumpur,2024-10-26 08:20:00.000,2024,10,26,8,20,Day,Partly cloudy,26.3,89,29.5,0,3.6,1010,4.1,WNW
Kuala Lumpur,Kuala Lumpur,Malaysia,Asia/Kuala_Lumpur,2024-10-26 08:40:00.000,2024,10,26,8,40,Day,Partly cloudy,26.3,89,29.5,0,3.6,1010,4.1,WNW
Kuala Lumpur,Kuala Lumpur,Malaysia,Asia/Kuala_Lumpur,2024-10-26 09:00:00.000,2024,10,26,9,0,Day,Partly Cloudy,25,84,27.3,0,3.6,1011,4.1,WNW
Kuala Lumpur,Kuala Lumpur,Malaysia,Asia/Kuala_Lumpur,2024-10-26 09:20:00.000,2024,10,26,9,20,Day,Partly cloudy,27.3,84,30.2,0,5,1011,5.8,WNW
Kuala Lumpur,Kuala Lumpur,Malaysia,Asia/Kuala_Lumpur,2024-10-26 09:40:00.000,2024,10,26,9,40,Day,Partly cloudy,27.2,84,30.1,0,5,1011,5.8,WNW
Kuala Lumpur,Kuala Lumpur,Malaysia,Asia/Kuala_Lumpur,2024-10-26 10:00:00.000,2024,10,26,10,0,Day,Partly cloudy,27.1,84,29.9,0,5,1011,5.8,WNW
Kuala Lumpur,Kuala Lumpur,Malaysia,Asia/Kuala_Lumpur,2024-10-26 10:20:00.000,2024,10,26,10,20,Day,Partly cloudy,29.4,70,33.4,0.06,7.9,1011,9.1,WNW
Kuala Lumpur,Kuala Lumpur,Malaysia,Asia/Kuala_Lumpur,2024-10-26 10:40:00.000,2024,10,26,10,40,Day,Partly cloudy,29.2,70,33,0.06,7.9,1011,9.1,WNW
Kuala Lumpur,Kuala Lumpur,Malaysia,Asia/Kuala_Lumpur,2024-10-26 11:00:00.000,2024,10,26,11,0,Day,Partly cloudy,29.1,70,32.1,0.42,10.1,1011,11.6,WNW
Kuala Lumpur,Kuala Lumpur,Malaysia,Asia/Kuala_Lumpur,2024-10-26 11:20:00.000,2024,10,26,11,20,Day,Partly cloudy,30.3,62,34.5,0.42,10.1,1011,11.6,WNW
Kuala Lumpur,Kuala Lumpur,Malaysia,Asia/Kuala_Lumpur,2024-10-26 11:40:00.000,2024,10,26,11,40,Day,Partly cloudy,30.1,62,34,0.42,10.1,1011,11.6,WNW
Kuala Lumpur,Kuala Lumpur,Malaysia,Asia/Kuala_Lumpur,2024-10-26 12:00:00.000,2024,10,26,12,0,Day,Partly cloudy,30.2,62,34.2,0.42,10.1,1011,11.6,WNW
Kuala Lumpur,Kuala Lumpur,Malaysia,Asia/Kuala_Lumpur,2024-10-26 12:20:00.000,2024,10,26,12,20,Day,Partly cloudy,30.1,66,33.9,0.62,11.5,1010,13.2,WNW
Kuala Lumpur,Kuala Lumpur,Malaysia,Asia/Kuala_Lumpur,2024-10-26 12:40:00.000,2024,10,26,12,40,Day,Partly cloudy,30.2,66,34.1,0.62,11.5,1010,13.2,WNW
Kuala Lumpur,Kuala Lumpur,Malaysia,Asia/Kuala_Lumpur,2024-10-26 13:00:00.000,2024,10,26,13,0,Day,Partly cloudy,30.4,66,35.1,1.47,12.2,1010,17.4,W
Kuala Lumpur,Kuala Lumpur,Malaysia,Asia/Kuala_Lumpur,2024-10-26 13:20:00.000,2024,10,26,13,20,Day,Partly cloudy,31.3,63,37.2,1.47,12.2,1010,17.4,W
Kuala Lumpur,Kuala Lumpur,Malaysia,Asia/Kuala_Lumpur,2024-10-26 13:40:00.000,2024,10,26,13,40,Day,Partly cloudy,31.1,63,36.7,1.47,12.2,1010,17.4,W
Kuala Lumpur,Kuala Lumpur,Malaysia,Asia/Kuala_Lumpur,2024-10-26 14:00:00.000,2024,10,26,14,0,Day,Partly cloudy,31.3,63,37.9,1.01,11.9,1010,13.7,WNW
Kuala Lumpur,Kuala Lumpur,Malaysia,Asia/Kuala_Lumpur,2024-10-26 14:20:00.000,2024,10,26,14,20,Day,Light rain,30.3,75,35.5,1.01,11.9,1009,13.7,WNW
Kuala Lumpur,Kuala Lumpur,Malaysia,Asia/Kuala_Lumpur,2024-10-26 14:40:00.000,2024,10,26,14,40,Day,Light rain,30.4,75,35.7,1.01,11.9,1009,13.7,WNW
Kuala Lumpur,Kuala Lumpur,Malaysia,Asia/Kuala_Lumpur,2024-10-26 15:00:00.000,2024,10,26,15,0,Day,Light rain,30.3,75,36.9,1.7,13,1009,17.5,WNW
Kuala Lumpur,Kuala Lumpur,Malaysia,Asia/Kuala_Lumpur,2024-10-26 15:20:00.000,2024,10,26,15,20,Day,Light rain,29.2,75,33.4,1.7,13,1008,17.5,WNW
Kuala Lumpur,Kuala Lumpur,Malaysia,Asia/Kuala_Lumpur,2024-10-26 15:40:00.000,2024,10,26,15,40,Day,Light rain,29,75,33,1.7,13,1008,17.5,WNW
Kuala Lumpur,Kuala Lumpur,Malaysia,Asia/Kuala_Lumpur,2024-10-26 16:00:00.000,2024,10,26,16,0,Day,Light rain,29.2,75,33.6,0.89,13,1008,19,WNW
Kuala Lumpur,Kuala Lumpur,Malaysia,Asia/Kuala_Lumpur,2024-10-26 16:20:00.000,2024,10,26,16,20,Day,Partly cloudy,27.3,84,29.9,0.89,13,1008,19,WNW
Kuala Lumpur,Kuala Lumpur,Malaysia,Asia/Kuala_Lumpur,2024-10-26 16:40:00.000,2024,10,26,16,40,Day,Partly cloudy,27.2,84,29.8,0.89,13,1008,19,WNW
Kuala Lumpur,Kuala Lumpur,Malaysia,Asia/Kuala_Lumpur,2024-10-26 17:00:00.000,2024,10,26,17,0,Day,Partly cloudy,27.2,84,29.8,0.89,13,1008,19,WNW
Kuala Lumpur,Kuala Lumpur,Malaysia,Asia/Kuala_Lumpur,2024-10-26 17:20:00.000,2024,10,26,17,20,Day,Partly cloudy,29.2,75,34.2,0.26,11.5,1008,18,WNW
Kuala Lumpur,Kuala Lumpur,Malaysia,Asia/Kuala_Lumpur,2024-10-26 17:40:00.000,2024,10,26,17,40,Day,Partly cloudy,29.3,75,34.4,0.26,11.5,1008,18,WNW
Kuala Lumpur,Kuala Lumpur,Malaysia,Asia/Kuala_Lumpur,2024-10-26 18:00:00.000,2024,10,26,18,0,Day,Patchy rain nearby,27.1,79,30.4,0.36,9.4,1008,14.2,WNW
Kuala Lumpur,Kuala Lumpur,Malaysia,Asia/Kuala_Lumpur,2024-10-26 18:20:00.000,2024,10,26,18,20,Day,Partly cloudy,28.3,79,32.9,0.36,9.4,1008,14.2,WNW
Kuala Lumpur,Kuala Lumpur,Malaysia,Asia/Kuala_Lumpur,2024-10-26 18:40:00.000,2024,10,26,18,40,Day,Partly cloudy,28.2,79,32.7,0.36,9.4,1008,14.2,WNW
Kuala Lumpur,Kuala Lumpur,Malaysia,Asia/Kuala_Lumpur,2024-10-26 19:00:00.000,2024,10,26,19,0,Night,Partly cloudy,28.3,79,32.9,0.36,9.4,1008,14.2,WNW
Kuala Lumpur,Kuala Lumpur,Malaysia,Asia/Kuala_Lumpur,2024-10-26 19:20:00.000,2024,10,26,19,20,Night,Clear,25.7,85,28.5,0,6.5,1009,10.5,NW
Kuala Lumpur,Kuala Lumpur,Malaysia,Asia/Kuala_Lumpur,2024-10-26 19:40:00.000,2024,10,26,19,40,Night,Clear,25.7,85,28.5,0,6.5,1009,10.5,NW
Kuala Lumpur,Kuala Lumpur,Malaysia,Asia/Kuala_Lumpur,2024-10-26 20:00:00.000,2024,10,26,20,0,Night,Clear,25.7,85,28.5,0,6.5,1009,10.5,NW
